,ftz,twi,trn,Cyp310a1,sna,Antp,ImpL2,Ilp4,D,h
,Mes2,tsh,zfh1,rho,knrl,Kr,run,edl,CG8147,odd
1,175,174,214,213,176,101,2973,212,173,135
2,711,712,749,673,635,750,748,788,710,713
3,1059,1021,1097,1098,1060,1058,1136,1096,1022,1135
4,477,476,515,439,514,552,475,516,401,478
5,757,756,795,758,681,832,794,719,833,796
6,2125,2163,2202,2087,2164,2126,2201,2162,2127,2124
7,34,72,68,74,69,35,73,32,71,29
8,37,74,73,114,35,34,76,72,71,38
9,1459,1497,1421,1458,1498,1460,1496,1536,1383,1535
10,298,259,261,260,297,223,296,258,299,257
11,1137,1099,1175,1176,1174,1136,1138,1098,1061,1212
12,1009,1047,971,1010,1048,1008,1046,933,1086,1084
13,1128,1090,2977,1129,1166,1091,1089,1053,1052,1127
14,369,408,406,368,370,331,407,371,367,446
15,225,302,300,226,301,264,263,262,265,299
16,2885,2886,2968,2883,2884,2845,2922,2888,2887,2847
17,569,3016,531,570,606,644,608,532,493,646
18,1181,1143,1219,1220,1182,1180,1218,1257,1105,1144
19,1812,1850,2980,1811,1773,1774,1849,1888,1775,1813
20,521,520,560,522,559,445,523,483,482,598
21,1071,1033,1110,1108,1109,1070,1032,1146,1072,995
22,1746,1708,1784,1745,1707,1747,2956,1822,1709,1783
23,758,757,720,719,796,795,681,2938,756,759
24,525,563,526,564,524,487,602,527,601,562
25,34,72,68,74,69,35,73,32,71,29
26,408,369,371,407,446,409,406,370,483,372
27,364,2995,363,326,325,362,402,365,440,400
28,1172,1210,1134,1135,2963,1173,1211,1248,1171,1097
29,915,953,2986,952,954,914,877,990,991,916
30,1130,1092,1168,1131,1093,1091,1129,1055,1054,1167
31,1846,1808,1884,1847,1809,1807,1845,1770,1885,1771
32,2670,2671,2669,2631,2708,2632,2633,2668,2709,2707
33,139,140,101,214,177,178,102,175,176,252
34,1146,1108,1147,1109,1184,1107,1145,1071,1070,1185
35,414,452,377,453,413,375,415,490,416,450
36,827,865,789,826,3029,866,864,903,828,902
37,380,341,342,340,379,418,303,2935,417,304
38,1177,1215,3014,2943,1178,1216,1139,1214,1254,1253
39,380,341,342,340,379,418,303,2935,417,304
40,1978,2016,1940,1939,1979,1941,1903,2931,2017,1980
41,2654,2617,2653,2692,2655,2615,2693,2694,2691,3002
42,843,881,844,805,842,880,882,806,804,920
43,377,378,414,375,376,416,415,2935,339,453
44,1675,1713,1637,1674,1712,1676,1714,1599,1751,1750
45,1183,1221,1182,1145,1220,1184,1258,1222,1144,1259
46,1815,1777,1853,1814,1854,1852,1816,1890,2947,1776
47,1321,1283,3004,1359,1360,1322,1284,1245,1282,1397
48,1205,1167,1242,1243,1166,2994,1204,1129,1281,1244
49,2972,2253,2254,2291,2328,2215,2292,2329,2290,2214
50,709,671,747,2941,708,746,710,670,748,785
51,1860,1822,1898,1859,1861,1821,1784,1823,1936,1899
52,37,74,73,114,35,34,76,72,71,38
53,707,744,745,746,706,669,782,705,783,708
54,421,383,3011,460,422,420,458,459,419,381
55,567,529,605,604,606,642,568,644,566,491
56,364,2995,363,326,325,362,402,365,440,400
57,1128,1090,2977,1129,1166,1091,1089,1053,1052,1127
58,2583,2544,2622,2582,2621,2545,2507,2584,2929,2505
59,1844,1882,1806,1805,1843,1767,1845,1807,1881,1768
60,2058,2096,2021,2059,2019,2020,2097,2095,2060,1983
61,2767,2768,2728,2729,2766,2806,2730,2804,2969,2690
62,559,596,598,560,520,521,558,597,634,561
63,175,174,214,213,176,101,2973,212,173,135
64,1846,1808,1884,1847,1809,1807,1845,1770,1885,1771
65,384,2978,385,347,383,386,346,382,345,420
66,2919,2917,2883,2922,2879,2915,2918,2921,2914,2924
67,1683,1645,1720,1721,2952,1682,1644,1758,1684,1607
68,1756,1794,1718,1719,1757,1755,1717,1832,1795,1681
69,988,1026,950,987,949,912,1025,1064,911,1063
70,2767,2768,2728,2729,2766,2806,2730,2804,2969,2690
71,380,341,342,340,379,418,303,2935,417,304
72,1025,987,1063,1024,1026,1064,1062,1101,949,986
73,400,401,438,363,361,399,402,476,362,439
74,1091,1053,1129,1128,1092,1130,1168,1015,1090,1054
75,414,452,377,453,413,375,415,490,416,450
76,1985,1947,1984,2023,2022,1946,2024,1909,1986,2060
77,2654,2617,2653,2692,2655,2615,2693,2694,2691,3002
78,1461,1423,1499,1500,1462,1498,1460,1537,1385,1538
79,641,679,603,640,680,678,718,716,565,717
80,923,961,885,924,960,922,962,1000,998,999
81,1013,1051,975,1012,1014,1052,1050,974,1090,1088
82,1009,1047,971,1010,1048,1008,1046,933,1086,1084
83,707,744,745,746,706,669,782,705,783,708
84,2029,2067,2028,2104,2066,2105,2030,1991,2106,2068
85,1061,1099,1023,1060,1062,1100,1098,1138,1137,985
86,1017,1055,979,1018,1016,1054,1056,1092,1093,941
87,521,520,560,522,559,445,523,483,482,598
88,915,953,2986,952,954,914,877,990,991,916
89,970,1008,932,931,969,971,933,1046,895,1007
90,835,873,797,834,872,874,836,796,759,911
91,46,86,47,85,87,45,49,88,83,2928
92,150,112,152,149,75,113,2933,111,109,148
93,1471,1433,1509,1470,1472,1508,1510,1395,1432,1548
94,1821,1783,1859,1858,1860,1820,1745,1822,1897,1784
95,684,646,683,722,608,3016,645,570,721,760
96,2343,2381,2382,2991,2344,2380,2305,2420,2383,2342
97,2199,2198,2238,2237,2200,2274,2161,2236,2123,3001
98,1723,1761,1685,1724,1722,1762,1686,1800,1799,1647
99,1839,1801,1877,1878,1840,1838,1876,1763,1802,1916
100,1634,1672,1596,1633,1595,3030,1710,1671,1558,2996
101,2383,2382,2384,2421,2344,2345,2343,2422,2420,2458
102,148,149,224,186,151,2957,113,111,188,146
103,1138,1100,1176,1099,1139,3014,1137,1061,1062,1101
104,414,452,377,453,413,375,415,490,416,450
105,1439,1477,1401,1440,1438,1478,1476,1515,1516,1363
106,1130,1092,1168,1131,1093,1091,1129,1055,1054,1167
107,441,479,442,480,403,443,478,518,517,405
108,3016,646,569,607,644,608,570,645,684,606
109,1147,1185,1146,1109,1184,1148,1222,1223,1108,1145
110,684,646,683,722,608,3016,645,570,721,760
111,1150,1188,1111,1113,1112,1151,1189,1149,1226,1075
112,1834,1796,1872,1835,1833,1795,1797,1757,1759,1873
113,873,911,835,874,910,872,912,949,797,834
114,364,2995,363,326,325,362,402,365,440,400
115,1321,1283,3004,1359,1360,1322,1284,1245,1282,1397
116,1183,1221,1182,1145,1220,1184,1258,1222,1144,1259
117,1013,1051,975,1012,1014,1052,1050,974,1090,1088
118,1951,1989,2997,1990,1913,1988,1950,2026,1952,2066
119,1041,1003,1079,1040,1078,1080,1042,1002,1117,965
120,956,994,918,919,957,955,917,995,880,993
121,1009,1047,971,1010,1048,1008,1046,933,1086,1084
122,380,341,342,340,379,418,303,2935,417,304
123,1091,1053,1129,1128,1092,1130,1168,1015,1090,1054
124,1186,1224,1148,1187,3007,1149,1185,1262,1225,1223
125,1205,1167,1242,1243,1166,2994,1204,1129,1281,1244
126,369,408,406,368,370,331,407,371,367,446
127,873,911,835,874,910,872,912,949,797,834
128,684,646,683,722,608,3016,645,570,721,760
129,1016,1054,978,979,1017,977,1015,1092,940,941
130,1013,1051,975,1012,1014,1052,1050,974,1090,1088
131,1035,1073,997,1036,1074,1034,1072,998,1112,959
132,34,72,68,74,69,35,73,32,71,29
133,1041,1003,1079,1040,1078,1080,1042,1002,1117,965
134,3016,646,569,607,644,608,570,645,684,606
135,263,302,339,2935,301,225,340,303,378,338
136,1596,1634,1558,3030,1595,1672,1633,1520,1557,1519
137,380,341,342,340,379,418,303,2935,417,304
138,2167,2206,2205,2129,2244,2168,2243,2282,2207,2169
139,3016,646,569,607,644,608,570,645,684,606
140,1167,1205,1168,1129,1166,2994,1206,1243,1130,1242
141,2045,2083,2007,2082,2044,2046,2006,2122,1969,2084
142,1231,1193,3035,1270,1269,1230,1232,1192,1194,1268
143,519,556,557,480,481,518,558,482,555,594
144,900,862,938,863,899,901,861,937,825,939
145,342,380,303,304,340,341,418,379,2935,265
146,569,3016,531,570,606,644,608,532,493,646
147,1129,1091,1167,1166,1168,1128,1130,1053,1205,2977
148,761,799,762,800,723,838,837,763,724,725
149,675,637,713,714,712,674,752,750,638,676
150,1367,1405,1329,1366,1406,1291,1368,1443,1404,1442
151,37,74,73,114,35,34,76,72,71,38
152,760,721,798,722,759,683,797,720,645,796
153,680,718,643,603,641,681,642,679,719,717
154,707,744,745,746,706,669,782,705,783,708
155,1205,1167,1242,1243,1166,2994,1204,1129,1281,1244
156,684,646,683,722,608,3016,645,570,721,760
157,2996,2956,1594,1632,1633,1670,1595,1671,1708,2989
158,569,3016,531,570,606,644,608,532,493,646
159,1251,1213,1289,1250,1288,1290,1326,1175,1252,1212
160,709,671,747,2941,708,746,710,670,748,785
161,871,909,833,872,910,908,870,947,832,795
162,1623,1661,1585,1622,1624,1660,1662,1699,1547,1586
163,757,756,795,758,681,832,794,719,833,796
164,873,911,835,874,910,872,912,949,797,834
165,1558,1520,1596,3030,1519,1482,1557,1634,1595,1481
166,49,86,90,89,50,48,2928,46,88,45
167,38,36,35,32,30,74,28,37,2937,34
168,979,941,1017,1018,1016,978,980,940,942,903
169,478,479,439,441,403,515,440,401,516,477
170,1860,1822,1898,1859,1861,1821,1784,1823,1936,1899
171,425,426,424,462,423,464,387,388,422,427
172,225,302,300,226,301,264,263,262,265,299
173,1205,1167,1242,1243,1166,2994,1204,1129,1281,1244
174,2767,2768,2728,2729,2766,2806,2730,2804,2969,2690
175,364,2995,363,326,325,362,402,365,440,400
176,1678,1640,1716,1677,1639,1679,1641,1601,1754,1602
177,597,634,598,636,635,674,672,559,596,673
178,1677,1639,1715,1714,1678,1676,1716,1601,1638,1640
179,1824,1786,1862,1823,1785,1900,1748,1861,1747,1938
180,222,221,223,185,184,260,2957,262,183,220
181,75,2933,150,152,76,112,110,114,113,149
182,1446,1408,1484,1447,1409,1445,1407,1522,1371,1370
183,2343,2381,2382,2991,2344,2380,2305,2420,2383,2342
184,569,3016,531,570,606,644,608,532,493,646
185,985,1023,947,984,1024,1022,986,948,909,1061
186,1013,1051,975,1012,1014,1052,1050,974,1090,1088
187,823,861,824,822,785,862,860,784,786,899
188,1806,1768,1844,1767,1807,1769,1805,1845,1882,1730
189,1890,1852,1928,1891,1853,1851,1929,1814,1815,1966
190,1167,1205,1168,1129,1166,2994,1206,1243,1130,1242
191,1480,1442,1518,1479,1556,1404,1441,1481,1443,1405
192,342,380,303,304,340,341,418,379,2935,265
193,1367,1405,1329,1366,1406,1291,1368,1443,1404,1442
194,1282,1320,1244,1283,1281,3004,1245,2994,1243,1319
195,1459,1497,1421,1458,1498,1460,1496,1536,1383,1535
196,1229,1228,1266,1191,1267,1268,1304,1190,1153,1230
197,1119,1081,1157,1158,1156,1120,1118,1043,1082,1195
198,442,405,403,441,443,444,404,479,480,440
199,1756,1794,1718,1719,1757,1755,1717,1832,1795,1681
200,1679,1641,1717,1716,1678,1718,1680,1755,1603,1640
201,1331,1369,1293,1332,1370,1407,1255,1294,1408,1333
202,2193,2155,2232,2194,2230,2192,2231,2156,2195,2117
203,2885,2886,2968,2883,2884,2845,2922,2888,2887,2847
204,2996,2956,1594,1632,1633,1670,1595,1671,1708,2989
205,1119,1081,1157,1158,1156,1120,1118,1043,1082,1195
206,446,483,484,409,408,407,522,447,371,445
207,1071,1033,1110,1108,1109,1070,1032,1146,1072,995
208,225,302,300,226,301,264,263,262,265,299
209,1230,1268,1192,1191,3035,1231,1193,1267,1154,1153
210,1836,1874,1798,1797,1837,1799,2971,1835,1759,1760
211,1756,1794,1718,1719,1757,1755,1717,1832,1795,1681
212,225,302,300,226,301,264,263,262,265,299
213,1912,1911,1950,1874,2971,1873,1913,1949,1835,1988
214,263,302,339,2935,301,225,340,303,378,338
215,364,2995,363,326,325,362,402,365,440,400
216,1869,1907,1906,3022,1831,1868,1944,1945,1908,1793
217,1982,2020,1944,1945,1943,2021,1983,1981,2019,1906
218,1214,1176,1252,1213,3014,1175,1215,1177,1290,1138
219,1282,1320,1244,1283,1281,3004,1245,2994,1243,1319
220,676,714,639,677,638,637,715,601,678,752
221,1061,1099,1023,1060,1062,1100,1098,1138,1137,985
222,680,718,643,603,641,681,642,679,719,717
223,1806,1768,1844,1767,1807,1769,1805,1845,1882,1730
224,1898,1936,1860,1861,1899,1859,1897,1935,1974,1822
225,923,961,885,924,960,922,962,1000,998,999
226,2588,2626,2587,2551,2549,2589,2550,2548,2625,2627
227,283,322,282,320,246,284,245,281,321,285
228,1746,1708,1784,1745,1707,1747,2956,1822,1709,1783
229,1056,1094,3025,1018,1055,1017,1132,1093,1057,980
230,1677,1639,1715,1714,1678,1676,1716,1601,1638,1640
231,1230,1268,1192,1191,3035,1231,1193,1267,1154,1153
232,38,36,35,32,30,74,28,37,2937,34
233,60,61,58,19,62,21,100,59,25,56
234,1109,1110,1148,1147,1146,1071,3007,1185,1108,2936
235,1846,1808,1884,1847,1809,1807,1845,1770,1885,1771
236,801,839,763,802,838,800,840,878,764,876
237,1716,1754,1678,1715,1677,1679,1717,1640,1792,1755
238,1600,1638,1562,1563,1561,1601,1639,1599,1676,1525
239,1558,1520,1596,3030,1519,1482,1557,1634,1595,1481
240,263,302,339,2935,301,225,340,303,378,338
241,1677,1639,1715,1714,1678,1676,1716,1601,1638,1640
242,2547,2471,2509,2585,2433,2548,2586,2510,2942,2395
243,2,3,4,2974,9,6,42,7,11,1
244,1140,1178,1102,1216,1101,1064,1139,1063,1177,3014
245,1815,1777,1853,1814,1854,1852,1816,1890,2947,1776
246,2029,2067,2028,2104,2066,2105,2030,1991,2106,2068
247,684,646,683,722,608,3016,645,570,721,760
248,2621,2582,2660,2622,2620,2583,2659,2581,2544,2697
249,1220,1258,1182,1183,1181,1219,1221,1257,1296,1143
250,829,867,828,868,791,830,792,866,790,905
251,1017,1055,979,1018,1016,1054,1056,1092,1093,941
252,873,911,835,874,910,872,912,949,797,834
253,988,1026,950,987,949,912,1025,1064,911,1063
254,970,1008,932,931,969,971,933,1046,895,1007
255,1167,1205,1168,1129,1166,2994,1206,1243,1130,1242
256,1368,1406,1330,1292,1444,1367,1329,1405,3038,1291
257,1965,2998,1964,1927,2003,2002,1966,1889,1926,2041
258,1846,1808,1884,1847,1809,1807,1845,1770,1885,1771
259,607,645,644,682,3016,2938,605,646,569,683
260,1013,1051,975,1012,1014,1052,1050,974,1090,1088
261,1777,1815,1739,1776,1816,1814,1778,1854,2947,1701
262,1075,1113,1037,1114,1074,1112,1076,1152,1151,1150
263,2459,2498,2497,2458,2496,2460,2535,2421,2461,2534
264,1439,1477,1401,1440,1438,1478,1476,1515,1516,1363
265,968,930,1006,969,967,931,929,1007,892,1005
266,409,446,410,447,371,372,484,408,448,483
267,565,640,527,603,604,566,564,641,642,678
268,75,2933,150,152,76,112,110,114,113,149
269,1869,1907,1906,3022,1831,1868,1944,1945,1908,1793
270,2154,2192,2153,2116,2115,2191,2077,2152,2117,2230
271,3016,646,569,607,644,608,570,645,684,606
272,1822,1784,1860,1785,1823,1746,1821,1861,1783,1747
273,1282,1320,1244,1283,1281,3004,1245,2994,1243,1319
274,61,60,100,99,59,58,98,62,64,25
275,2156,2118,2194,2119,2155,2081,2157,2193,2079,2117
276,851,813,889,850,890,888,852,814,928,926
277,150,112,152,149,75,113,2933,111,109,148
278,133,170,173,135,172,134,174,208,210,132
279,711,712,749,673,635,750,748,788,710,713
280,968,930,1006,969,967,931,929,1007,892,1005
281,259,257,298,296,258,260,295,297,294,219
282,873,911,835,874,910,872,912,949,797,834
283,364,2995,363,326,325,362,402,365,440,400
284,369,408,406,368,370,331,407,371,367,446
285,1822,1784,1860,1785,1823,1746,1821,1861,1783,1747
286,1206,2994,1169,1168,1207,1167,1244,1131,1245,1130
287,1017,1055,979,1018,1016,1054,1056,1092,1093,941
288,1139,1101,3014,1138,1178,1100,1177,1063,1140,1176
289,957,919,996,995,958,956,994,920,1034,881
290,2079,2118,2041,2117,2078,2080,2116,2042,2156,2081
291,1150,1188,1111,1113,1112,1151,1189,1149,1226,1075
292,1230,1268,1192,1191,3035,1231,1193,1267,1154,1153
293,1461,1423,1499,1500,1462,1498,1460,1537,1385,1538
294,1031,993,1069,1070,1030,1068,1032,992,955,1106
295,1819,1781,1857,1820,1856,1858,1782,1896,1743,1780
296,1072,1034,1110,1033,1073,2936,1035,1071,996,995
297,1017,1055,979,1018,1016,1054,1056,1092,1093,941
298,1520,1482,1558,1519,1481,1444,3030,1557,1443,1596
299,1321,1283,3004,1359,1360,1322,1284,1245,1282,1397
300,683,645,722,684,721,646,760,607,2938,3016
301,1767,1805,1729,1806,1768,1766,1844,1804,1843,1728
302,1150,1188,1111,1113,1112,1151,1189,1149,1226,1075
303,1140,1178,1102,1216,1101,1064,1139,1063,1177,3014
304,3016,646,569,607,644,608,570,645,684,606
305,342,380,303,304,340,341,418,379,2935,265
306,405,444,442,404,367,406,403,366,443,3017
307,405,444,442,404,367,406,403,366,443,3017
308,263,302,339,2935,301,225,340,303,378,338
309,1252,1290,1214,1213,1215,1253,1251,1328,1176,1291
310,865,827,903,866,902,904,864,789,826,940
311,2079,2118,2041,2117,2078,2080,2116,2042,2156,2081
312,263,302,339,2935,301,225,340,303,378,338
313,1319,1357,1320,1281,1358,1318,1356,1282,1280,1395
314,2543,2542,2929,2580,2505,2618,2468,2544,2503,2467
315,607,645,644,682,3016,2938,605,646,569,683
316,1205,1167,1242,1243,1166,2994,1204,1129,1281,1244
317,1767,1805,1729,1806,1768,1766,1844,1804,1843,1728
318,1003,965,1041,1004,1042,1040,1002,966,927,1080
319,1846,1808,1884,1847,1809,1807,1845,1770,1885,1771
320,1439,1477,1401,1440,1438,1478,1476,1515,1516,1363
321,865,827,903,866,902,904,864,789,826,940
322,78,77,41,80,39,43,79,44,116,40
323,2630,2629,2593,2668,2592,2631,2591,2667,2628,2632
324,684,646,683,722,608,3016,645,570,721,760
325,1230,1268,1192,1191,3035,1231,1193,1267,1154,1153
326,2167,2206,2205,2129,2244,2168,2243,2282,2207,2169
327,2116,2078,2077,2117,2154,2192,2079,2115,2041,2039
328,1460,1498,1422,1421,1423,1461,1459,1499,1384,1536
329,1017,1055,979,1018,1016,1054,1056,1092,1093,941
330,263,302,339,2935,301,225,340,303,378,338
331,873,911,835,874,910,872,912,949,797,834
332,34,72,68,74,69,35,73,32,71,29
333,1013,1051,975,1012,1014,1052,1050,974,1090,1088
334,2383,2382,2384,2421,2344,2345,2343,2422,2420,2458
335,1150,1188,1111,1113,1112,1151,1189,1149,1226,1075
336,81,43,47,82,83,44,80,45,2966,41
337,567,529,605,604,606,642,568,644,566,491
338,2343,2381,2382,2991,2344,2380,2305,2420,2383,2342
339,684,646,683,722,608,3016,645,570,721,760
340,1558,1520,1596,3030,1519,1482,1557,1634,1595,1481
341,2193,2155,2232,2194,2230,2192,2231,2156,2195,2117
342,1748,1710,1786,1747,1709,1824,1671,1672,1785,1862
343,1881,1919,1882,1918,1843,1920,1844,1958,1880,1805
344,1671,1709,1633,1710,1672,2956,1747,1748,2996,1634
345,283,322,282,320,246,284,245,281,321,285
346,148,149,224,186,151,2957,113,111,188,146
347,1205,1167,1242,1243,1166,2994,1204,1129,1281,1244
348,1783,1821,1745,1784,1820,1859,1782,1746,1707,1858
349,263,302,339,2935,301,225,340,303,378,338
350,1767,1805,1729,1806,1768,1766,1844,1804,1843,1728
351,764,763,726,802,765,725,687,801,727,3023
352,1130,1092,1168,1131,1093,1091,1129,1055,1054,1167
353,283,322,282,320,246,284,245,281,321,285
354,1003,965,1041,1004,1042,1040,1002,966,927,1080
355,133,170,173,135,172,134,174,208,210,132
356,1061,1099,1023,1060,1062,1100,1098,1138,1137,985
357,1173,1135,1211,1212,1174,1172,1210,1136,1250,1249
358,521,520,560,522,559,445,523,483,482,598
359,364,2995,363,326,325,362,402,365,440,400
360,49,86,90,89,50,48,2928,46,88,45
361,521,520,560,522,559,445,523,483,482,598
362,2654,2617,2653,2692,2655,2615,2693,2694,2691,3002
363,297,296,299,298,336,261,335,259,338,295
364,263,302,339,2935,301,225,340,303,378,338
365,2725,2724,2726,2727,2763,2762,2689,2764,2964,2690
366,1137,1099,1175,1176,1174,1136,1138,1098,1061,1212
367,2567,2606,2604,2566,2568,2605,2529,2565,2569,2607
368,1129,1091,1167,1166,1168,1128,1130,1053,1205,2977
369,2772,2734,2810,2808,2736,2733,2773,2771,2695,2984
370,1173,1135,1211,1212,1174,1172,1210,1136,1250,1249
371,380,341,342,340,379,418,303,2935,417,304
372,1183,1221,1182,1145,1220,1184,1258,1222,1144,1259
373,1150,1188,1111,1113,1112,1151,1189,1149,1226,1075
374,597,634,598,636,635,674,672,559,596,673
375,925,887,963,964,962,924,926,886,1000,1002
376,567,529,605,604,606,642,568,644,566,491
377,414,452,377,453,413,375,415,490,416,450
378,648,647,611,649,609,686,3026,610,650,724
379,1125,1163,1087,1164,1124,1126,1162,1201,1202,1200
380,788,750,749,787,3029,826,711,713,786,748
381,1003,965,1041,1004,1042,1040,1002,966,927,1080
382,75,2933,150,152,76,112,110,114,113,149
383,1003,965,1041,1004,1042,1040,1002,966,927,1080
384,1139,1101,3014,1138,1178,1100,1177,1063,1140,1176
385,633,670,595,672,671,594,632,710,708,631
386,403,440,442,441,404,478,479,365,402,405
387,684,646,683,722,608,3016,645,570,721,760
388,1146,1108,1147,1109,1184,1107,1145,1071,1070,1185
389,263,302,339,2935,301,225,340,303,378,338
390,2382,2383,2420,2343,2421,2458,2344,2381,2384,2345
391,2007,2045,1969,2008,2046,2006,2044,1931,2083,1970
392,786,824,787,747,748,749,825,785,823,788
393,1230,1268,1192,1191,3035,1231,1193,1267,1154,1153
394,3016,646,569,607,644,608,570,645,684,606
395,528,566,529,489,490,451,491,604,527,452
396,148,149,224,186,151,2957,113,111,188,146
397,38,36,35,32,30,74,28,37,2937,34
398,1026,1064,988,1025,987,1102,1063,950,949,1101
399,709,671,747,2941,708,746,710,670,748,785
400,1025,987,1063,1024,1026,1064,1062,1101,949,986
401,1206,2994,1169,1168,1207,1167,1244,1131,1245,1130
402,1823,1861,1785,1824,1822,1862,1860,1899,1900,1786
403,633,670,595,672,671,594,632,710,708,631
404,2840,2839,2880,2803,2801,2838,2841,2799,2842,2837
405,477,476,515,439,514,552,475,516,401,478
406,2363,2364,2400,2402,2325,2401,2362,2365,2438,2324
407,2654,2617,2653,2692,2655,2615,2693,2694,2691,3002
408,519,556,557,480,481,518,558,482,555,594
409,367,366,368,406,405,404,369,329,328,444
410,1167,1205,1168,1129,1166,2994,1206,1243,1130,1242
411,1193,1231,1155,1192,1194,1230,1232,3035,1270,1154
412,148,149,224,186,151,2957,113,111,188,146
413,900,862,938,863,899,901,861,937,825,939
414,1634,1672,1596,1633,1595,3030,1710,1671,1558,2996
415,368,331,367,369,329,366,370,406,330,408
416,421,383,3011,460,422,420,458,459,419,381
417,494,532,456,493,455,417,531,454,570,418
418,1193,1231,1155,1192,1194,1230,1232,3035,1270,1154
419,38,36,35,32,30,74,28,37,2937,34
420,1017,1055,979,1018,1016,1054,1056,1092,1093,941
421,2583,2544,2622,2582,2621,2545,2507,2584,2929,2505
422,442,405,403,441,443,444,404,479,480,440
423,1558,1520,1596,3030,1519,1482,1557,1634,1595,1481
424,1519,1557,1481,1520,3030,1443,1482,1518,1558,2970
425,1985,1947,1984,2023,2022,1946,2024,1909,1986,2060
426,710,671,673,748,709,672,711,633,747,635
427,2193,2155,2232,2194,2230,2192,2231,2156,2195,2117
428,405,444,442,404,367,406,403,366,443,3017
429,2013,1975,2051,2050,2014,2052,2088,2089,1974,1937
430,445,483,3017,482,520,521,407,522,481,446
431,2619,2657,2620,2694,2581,2656,2658,2655,2696,2582
432,1167,1205,1168,1129,1166,2994,1206,1243,1130,1242
433,1824,1786,1862,1823,1785,1900,1748,1861,1747,1938
434,405,444,442,404,367,406,403,366,443,3017
435,283,322,282,320,246,284,245,281,321,285
436,1003,965,1041,1004,1042,1040,1002,966,927,1080
437,1320,1282,1319,1358,3004,1281,1244,1283,1357,1243
438,1167,1205,1168,1129,1166,2994,1206,1243,1130,1242
439,909,947,871,908,946,910,948,984,985,870
440,263,302,339,2935,301,225,340,303,378,338
441,2282,2243,2244,2320,2245,2283,2281,2205,2167,2207
442,1013,1051,975,1012,1014,1052,1050,974,1090,1088
443,1217,1255,1179,1218,1256,1293,1180,1141,1294,1219
444,263,302,339,2935,301,225,340,303,378,338
445,1091,1053,1129,1128,1092,1130,1168,1015,1090,1054
446,995,1033,994,957,1032,996,1034,956,1071,1072
447,297,296,299,298,336,261,335,259,338,295
448,1254,1216,3038,2943,1178,1177,1292,1215,1140,1253
449,1003,965,1041,1004,1042,1040,1002,966,927,1080
450,1814,2947,1852,1815,1776,1777,1775,1813,1890,2945
451,1016,1054,978,979,1017,977,1015,1092,940,941
452,1026,1064,988,1025,987,1102,1063,950,949,1101
453,1596,1634,1558,3030,1595,1672,1633,1520,1557,1519
454,1846,1808,1884,1847,1809,1807,1845,1770,1885,1771
455,175,174,214,213,176,101,2973,212,173,135
456,569,3016,531,570,606,644,608,532,493,646
457,369,408,406,368,370,331,407,371,367,446
458,1071,1033,1110,1108,1109,1070,1032,1146,1072,995
459,1091,1053,1129,1128,1092,1130,1168,1015,1090,1054
460,171,209,207,246,172,245,210,284,208,248
461,709,671,747,2941,708,746,710,670,748,785
462,521,520,560,522,559,445,523,483,482,598
463,2382,2383,2420,2343,2421,2458,2344,2381,2384,2345
464,1756,1794,1718,1719,1757,1755,1717,1832,1795,1681
465,298,259,261,260,297,223,296,258,299,257
466,343,381,344,305,382,420,419,306,345,3024
467,567,529,605,604,606,642,568,644,566,491
468,992,1030,954,955,953,993,1031,991,917,1068
469,43,80,81,41,44,2966,78,83,79,119
470,1849,1887,1811,1888,1848,1886,1812,1850,1924,1926
471,50,48,2981,51,90,49,2928,52,53,86
472,968,930,1006,969,967,931,929,1007,892,1005
473,1230,1268,1192,1191,3035,1231,1193,1267,1154,1153
474,1137,1099,1175,1176,1174,1136,1138,1098,1061,1212
475,1071,1033,1110,1108,1109,1070,1032,1146,1072,995
476,2182,2143,2183,2181,2144,2220,2219,2258,2145,2106
477,1431,1393,1469,1468,1470,1432,1430,1394,1355,1507
478,1232,1270,1194,1195,1233,1231,1193,1271,1269,1155
479,2344,2305,2307,2343,2345,2383,2382,2306,2991,2384
480,825,787,863,862,824,786,864,826,900,788
481,788,750,749,787,3029,826,711,713,786,748
482,1557,1519,3030,2970,1481,1594,1595,1556,1520,1518
483,225,302,300,226,301,264,263,262,265,299
484,1013,1051,975,1012,1014,1052,1050,974,1090,1088
485,1671,1709,1633,1710,1672,2956,1747,1748,2996,1634
486,283,322,282,320,246,284,245,281,321,285
487,871,909,833,872,910,908,870,947,832,795
488,1125,1163,1087,1164,1124,1126,1162,1201,1202,1200
489,569,3016,531,570,606,644,608,532,493,646
490,405,444,442,404,367,406,403,366,443,3017
491,1022,984,1060,1021,983,1023,985,1059,946,1061
492,263,302,339,2935,301,225,340,303,378,338
493,1833,1795,1871,1870,1872,1834,1832,1796,1910,1757
494,1183,1221,1182,1145,1220,1184,1258,1222,1144,1259
495,1815,1777,1853,1814,1854,1852,1816,1890,2947,1776
496,562,524,523,561,563,600,485,560,525,599
497,992,1030,954,955,953,993,1031,991,917,1068
498,519,556,557,480,481,518,558,482,555,594
499,1009,1047,971,1010,1048,1008,1046,933,1086,1084
500,1003,965,1041,1004,1042,1040,1002,966,927,1080
501,1167,1205,1168,1129,1166,2994,1206,1243,1130,1242
502,451,489,488,452,450,528,490,449,566,526
503,900,862,938,863,899,901,861,937,825,939
504,1817,1855,1779,1816,1818,1854,2927,1778,1741,1893
505,2343,2381,2382,2991,2344,2380,2305,2420,2383,2342
506,1368,1406,1330,1292,1444,1367,1329,1405,3038,1291
507,1091,1053,1129,1128,1092,1130,1168,1015,1090,1054
508,49,86,90,89,50,48,2928,46,88,45
509,991,953,1029,1028,1030,990,992,1066,1068,915
510,1982,2020,1944,1945,1943,2021,1983,1981,2019,1906
511,405,444,442,404,367,406,403,366,443,3017
512,707,744,745,746,706,669,782,705,783,708
513,1928,1890,1927,1966,1929,1851,1889,1852,1891,2998
514,1167,1205,1168,1129,1166,2994,1206,1243,1130,1242
515,1677,1639,1715,1714,1678,1676,1716,1601,1638,1640
516,421,383,3011,460,422,420,458,459,419,381
517,171,209,207,246,172,245,210,284,208,248
518,3016,646,569,607,644,608,570,645,684,606
519,263,302,339,2935,301,225,340,303,378,338
520,478,479,439,441,403,515,440,401,516,477
521,1017,1055,979,1018,1016,1054,1056,1092,1093,941
522,425,426,424,462,423,464,387,388,422,427
523,881,843,919,880,920,882,844,918,842,958
524,1183,1221,1182,1145,1220,1184,1258,1222,1144,1259
525,3016,646,569,607,644,608,570,645,684,606
526,1013,1051,975,1012,1014,1052,1050,974,1090,1088
527,1811,1849,1773,1812,1848,1810,1887,1772,1850,1886
528,148,149,224,186,151,2957,113,111,188,146
529,1130,1092,1168,1131,1093,1091,1129,1055,1054,1167
530,369,408,406,368,370,331,407,371,367,446
531,1041,1003,1079,1040,1078,1080,1042,1002,1117,965
532,1205,1167,1242,1243,1166,2994,1204,1129,1281,1244
533,786,824,787,747,748,749,825,785,823,788
534,1307,1269,1345,1346,1344,1306,3035,1384,1308,1383
535,1169,1131,1206,1207,1208,1170,2932,1168,1093,1130
536,647,648,3026,685,686,724,609,649,611,687
537,1167,1205,1168,1129,1166,2994,1206,1243,1130,1242
538,878,839,840,916,2986,879,841,877,801,802
539,956,994,918,919,957,955,917,995,880,993
540,3004,1321,1359,1358,1320,1396,1283,1397,1282,1319
541,1181,1143,1219,1220,1182,1180,1218,1257,1105,1144
542,1773,1811,1772,1735,1812,1774,1810,2980,1849,1848
543,2911,2909,2916,2914,2906,2913,2917,2910,3003,2907
544,1091,1053,1129,1128,1092,1130,1168,1015,1090,1054
545,298,259,261,260,297,223,296,258,299,257
546,49,86,90,89,50,48,2928,46,88,45
547,2670,2671,2669,2631,2708,2632,2633,2668,2709,2707
548,909,947,871,908,946,910,948,984,985,870
549,2917,2919,2916,2914,2921,2915,2911,2879,2922,2924
550,641,679,603,640,680,678,718,716,565,717
551,1230,1268,1192,1191,3035,1231,1193,1267,1154,1153
552,684,646,683,722,608,3016,645,570,721,760
553,133,170,173,135,172,134,174,208,210,132
554,223,222,260,261,262,298,185,221,300,258
555,1049,1087,1011,1048,1050,1086,1088,1126,1124,1010
556,988,1026,950,987,949,912,1025,1064,911,1063
557,1231,1193,3035,1270,1269,1230,1232,1192,1194,1268
558,1265,1303,2992,1302,1266,1304,1342,1341,1227,1340
559,1629,1667,1591,1630,1628,1666,1668,1592,1705,1590
560,148,149,224,186,151,2957,113,111,188,146
561,2705,2743,2706,2742,2704,2707,2780,2744,2703,2669
562,1844,1882,1806,1805,1843,1767,1845,1807,1881,1768
563,865,827,903,866,902,904,864,789,826,940
564,1985,1947,1984,2023,2022,1946,2024,1909,1986,2060
565,1779,1741,1817,1818,1778,1780,1742,1816,1703,1740
566,3016,646,569,607,644,608,570,645,684,606
567,1139,1101,3014,1138,1178,1100,1177,1063,1140,1176
568,2680,2681,2679,2717,2643,2642,2718,2641,2720,2716
569,1183,1221,1182,1145,1220,1184,1258,1222,1144,1259
570,2767,2768,2728,2729,2766,2806,2730,2804,2969,2690
571,38,36,35,32,30,74,28,37,2937,34
572,176,101,2973,137,175,63,136,102,174,97
573,521,520,560,522,559,445,523,483,482,598
574,1205,1167,1242,1243,1166,2994,1204,1129,1281,1244
575,2344,2305,2307,2343,2345,2383,2382,2306,2991,2384
576,569,3016,531,570,606,644,608,532,493,646
577,847,885,848,809,884,846,886,922,810,924
578,1558,1520,1596,3030,1519,1482,1557,1634,1595,1481
579,764,763,726,802,765,725,687,801,727,3023
580,1683,1645,1720,1721,2952,1682,1644,1758,1684,1607
581,936,974,898,899,935,937,897,973,861,975
582,1091,1053,1129,1128,1092,1130,1168,1015,1090,1054
583,2588,2626,2587,2551,2549,2589,2550,2548,2625,2627
584,364,2995,363,326,325,362,402,365,440,400
585,823,861,824,822,785,862,860,784,786,899
586,49,86,90,89,50,48,2928,46,88,45
587,1917,1955,1954,1916,1879,2946,1992,1956,1878,1994
588,1016,1054,978,979,1017,977,1015,1092,940,941
589,2623,2942,2624,2662,2661,2586,2625,2700,2663,2585
590,148,149,224,186,151,2957,113,111,188,146
591,1881,1919,1882,1918,1843,1920,1844,1958,1880,1805
592,915,953,2986,952,954,914,877,990,991,916
593,1144,1182,1106,1105,1145,1107,1143,1183,1069,1067
594,371,408,372,409,370,333,369,446,410,331
595,1205,1167,1242,1243,1166,2994,1204,1129,1281,1244
596,1016,1054,978,979,1017,977,1015,1092,940,941
597,561,560,562,523,600,598,599,636,559,521
598,1144,1182,1106,1105,1145,1107,1143,1183,1069,1067
599,561,560,562,523,600,598,599,636,559,521
600,1662,1624,1700,1661,1663,1625,1738,1623,1586,1699
601,684,646,683,722,608,3016,645,570,721,760
602,1017,1055,979,1018,1016,1054,1056,1092,1093,941
603,935,897,973,936,972,934,974,898,1011,896
604,999,961,1036,1037,1038,998,1000,1074,960,923
605,918,880,956,917,879,919,881,955,841,916
606,38,36,35,32,30,74,28,37,2937,34
607,1711,1673,1749,1750,1712,1635,1788,1787,1674,1597
608,1567,1529,1605,1604,1606,1568,1566,1491,1643,1642
609,2471,2433,2547,2395,2509,2472,2510,2585,2548,2396
610,442,405,403,441,443,444,404,479,480,440
611,870,908,832,831,833,871,869,793,907,909
612,2547,2471,2509,2585,2433,2548,2586,2510,2942,2395
613,2804,2842,2766,2806,2765,2805,2844,2803,2767,2880
614,1680,1718,1642,1643,1641,1681,1679,1719,1604,1717
615,342,380,303,304,340,341,418,379,2935,265
616,1282,1320,1244,1283,1281,3004,1245,2994,1243,1319
617,1042,1080,1004,1005,1003,1043,1041,1118,1081,1079
618,1224,1262,1186,1185,1225,1223,1261,1187,1148,1263
619,2541,2540,2580,2578,2503,2934,2579,2539,2618,2502
620,1130,1092,1168,1131,1093,1091,1129,1055,1054,1167
621,631,632,593,669,670,706,708,630,594,633
622,1783,1821,1745,1784,1820,1859,1782,1746,1707,1858
623,1230,1268,1192,1191,3035,1231,1193,1267,1154,1153
624,949,987,911,950,988,986,948,912,1025,873
625,249,250,248,286,288,287,211,247,251,209
626,1009,1047,971,1010,1048,1008,1046,933,1086,1084
627,567,529,605,604,606,642,568,644,566,491
628,988,1026,950,987,949,912,1025,1064,911,1063
629,332,293,295,333,331,257,330,370,334,294
630,873,911,835,874,910,872,912,949,797,834
631,1671,1709,1633,1710,1672,2956,1747,1748,2996,1634
632,1205,1167,1242,1243,1166,2994,1204,1129,1281,1244
633,1017,1055,979,1018,1016,1054,1056,1092,1093,941
634,133,170,173,135,172,134,174,208,210,132
635,1128,1090,2977,1129,1166,1091,1089,1053,1052,1127
636,41,78,44,40,39,43,77,80,81,5
637,1558,1520,1596,3030,1519,1482,1557,1634,1595,1481
638,403,440,442,441,404,478,479,365,402,405
639,1478,1516,1440,1441,1439,1479,1517,1477,1554,1402
640,225,302,300,226,301,264,263,262,265,299
641,1064,1102,1026,1063,1025,1140,1101,988,987,1178
642,988,1026,950,987,949,912,1025,1064,911,1063
643,3004,1321,1359,1358,1320,1396,1283,1397,1282,1319
644,1321,1283,3004,1359,1360,1322,1284,1245,1282,1397
645,2081,2080,2119,2043,2118,2120,2156,2042,2079,2005
646,1881,1919,1882,1918,1843,1920,1844,1958,1880,1805
647,1254,1216,3038,2943,1178,1177,1292,1215,1140,1253
648,1022,984,1060,1021,983,1023,985,1059,946,1061
649,567,529,605,604,606,642,568,644,566,491
650,1013,1051,975,1012,1014,1052,1050,974,1090,1088
651,871,909,833,872,910,908,870,947,832,795
652,770,808,733,731,769,732,771,807,768,846
653,796,759,834,758,795,720,797,835,757,721
654,370,331,333,371,369,368,408,332,372,334
655,1017,1055,979,1018,1016,1054,1056,1092,1093,941
656,824,786,823,862,785,825,861,747,787,822
657,567,529,605,604,606,642,568,644,566,491
658,788,750,749,787,3029,826,711,713,786,748
659,298,259,261,260,297,223,296,258,299,257
660,1230,1268,1192,1191,3035,1231,1193,1267,1154,1153
661,1003,965,1041,1004,1042,1040,1002,966,927,1080
662,1003,965,1041,1004,1042,1040,1002,966,927,1080
663,1439,1477,1401,1440,1438,1478,1476,1515,1516,1363
664,1755,1717,3005,1794,1756,1793,1754,1718,1679,1792
665,1150,1188,1111,1113,1112,1151,1189,1149,1226,1075
666,873,911,835,874,910,872,912,949,797,834
667,131,132,169,168,130,170,134,93,95,167
668,148,149,224,186,151,2957,113,111,188,146
669,1439,1477,1401,1440,1438,1478,1476,1515,1516,1363
670,1013,1051,975,1012,1014,1052,1050,974,1090,1088
671,2083,2122,2045,2121,2082,2046,2084,2158,2160,2007
672,909,947,871,908,946,910,948,984,985,870
673,992,1030,954,955,953,993,1031,991,917,1068
674,368,331,367,369,329,366,370,406,330,408
675,683,645,722,684,721,646,760,607,2938,3016
676,1860,1822,1898,1859,1861,1821,1784,1823,1936,1899
677,409,446,410,447,371,372,484,408,448,483
678,2013,1975,2051,2050,2014,2052,2088,2089,1974,1937
679,569,3016,531,570,606,644,608,532,493,646
680,2657,2732,2619,2694,2658,2655,2696,2770,2695,2620
681,1173,1135,1211,1212,1174,1172,1210,1136,1250,1249
682,923,961,885,924,960,922,962,1000,998,999
683,1128,1090,2977,1129,1166,1091,1089,1053,1052,1127
684,249,250,248,286,288,287,211,247,251,209
685,1679,1641,1717,1716,1678,1718,1680,1755,1603,1640
686,825,787,863,862,824,786,864,826,900,788
687,1003,965,1041,1004,1042,1040,1002,966,927,1080
688,181,183,218,182,220,256,145,141,221,184
689,378,2935,377,416,376,339,379,341,340,375
690,342,380,303,304,340,341,418,379,2935,265
691,341,379,380,340,2935,416,418,378,342,417
692,1177,1215,3014,2943,1178,1216,1139,1214,1254,1253
693,408,369,371,407,446,409,406,370,483,372
694,446,483,484,409,408,407,522,447,371,445
695,925,887,963,964,962,924,926,886,1000,1002
696,38,36,35,32,30,74,28,37,2937,34
697,2345,2307,2308,2346,2384,2344,2383,2422,2306,2269
698,597,634,598,636,635,674,672,559,596,673
699,1749,1711,1787,1788,1750,1673,1825,1712,1826,1635
700,367,366,368,406,405,404,369,329,328,444
701,1682,1644,1720,1681,1683,1643,1605,1645,1606,1719
702,3016,646,569,607,644,608,570,645,684,606
703,3016,646,569,607,644,608,570,645,684,606
704,288,289,287,249,290,250,3009,251,286,326
705,1264,1302,1226,1225,1263,2992,1301,1187,1340,1265
706,707,744,745,746,706,669,782,705,783,708
707,1951,1989,2997,1990,1913,1988,1950,2026,1952,2066
708,478,479,439,441,403,515,440,401,516,477
709,1129,1091,1167,1166,1168,1128,1130,1053,1205,2977
710,2156,2118,2194,2119,2155,2081,2157,2193,2079,2117
711,2160,2159,2198,2123,2122,2121,2236,2083,2161,2158
712,758,757,720,719,796,795,681,2938,756,759
713,263,302,339,2935,301,225,340,303,378,338
714,60,61,58,19,62,21,100,59,25,56
715,38,36,35,32,30,74,28,37,2937,34
716,607,645,644,682,3016,2938,605,646,569,683
717,1071,1033,1110,1108,1109,1070,1032,1146,1072,995
718,957,919,996,995,958,956,994,920,1034,881
719,133,170,173,135,172,134,174,208,210,132
720,49,86,90,89,50,48,2928,46,88,45
721,34,72,68,74,69,35,73,32,71,29
722,675,637,713,714,712,674,752,750,638,676
723,78,77,41,80,39,43,79,44,116,40
724,2080,2081,2042,2043,2004,2118,2079,2005,2041,2119
725,1140,1178,1102,1216,1101,1064,1139,1063,1177,3014
726,1232,1270,1194,1195,1233,1231,1193,1271,1269,1155
727,991,953,1029,1028,1030,990,992,1066,1068,915
728,2013,1975,2051,2050,2014,2052,2088,2089,1974,1937
729,1755,1717,3005,1794,1756,1793,1754,1718,1679,1792
730,1767,1805,1729,1806,1768,1766,1844,1804,1843,1728
731,341,379,380,340,2935,416,418,378,342,417
732,415,416,453,454,492,414,377,379,417,378
733,900,862,938,863,899,901,861,937,825,939
734,2583,2544,2622,2582,2621,2545,2507,2584,2929,2505
735,1231,1193,3035,1270,1269,1230,1232,1192,1194,1268
736,1140,1178,1102,1216,1101,1064,1139,1063,1177,3014
737,2079,2118,2041,2117,2078,2080,2116,2042,2156,2081
738,249,250,248,286,288,287,211,247,251,209
739,2632,2633,2631,2594,2595,2593,2670,2671,2634,2557
740,2383,2382,2384,2421,2344,2345,2343,2422,2420,2458
741,550,588,549,511,513,512,551,586,587,548
742,961,923,999,1000,962,960,998,1038,885,924
743,263,302,339,2935,301,225,340,303,378,338
744,1003,965,1041,1004,1042,1040,1002,966,927,1080
745,41,78,44,40,39,43,77,80,81,5
746,181,183,218,182,220,256,145,141,221,184
747,2079,2118,2041,2117,2078,2080,2116,2042,2156,2081
748,1623,1661,1585,1622,1624,1660,1662,1699,1547,1586
749,1821,1783,1859,1858,1860,1820,1745,1822,1897,1784
750,1634,1672,1596,1633,1595,3030,1710,1671,1558,2996
751,1041,1003,1079,1040,1078,1080,1042,1002,1117,965
752,1230,1268,1192,1191,3035,1231,1193,1267,1154,1153
753,675,637,713,714,712,674,752,750,638,676
754,1715,1753,1677,1754,1714,1716,1752,1792,1678,1639
755,133,170,173,135,172,134,174,208,210,132
756,1711,1673,1749,1750,1712,1635,1788,1787,1674,1597
757,567,529,605,604,606,642,568,644,566,491
758,2470,2432,2469,2508,2393,3006,2431,2394,2546,2355
759,830,792,868,829,831,793,791,869,755,753
760,3016,646,569,607,644,608,570,645,684,606
761,2083,2122,2045,2121,2082,2046,2084,2158,2160,2007
762,207,244,171,208,245,206,172,246,243,205
763,2972,2253,2254,2291,2328,2215,2292,2329,2290,2214
764,1368,1406,1330,1292,1444,1367,1329,1405,3038,1291
765,1746,1708,1784,1745,1707,1747,2956,1822,1709,1783
766,788,750,749,787,3029,826,711,713,786,748
767,403,440,442,441,404,478,479,365,402,405
768,2383,2382,2384,2421,2344,2345,2343,2422,2420,2458
769,956,994,918,919,957,955,917,995,880,993
770,2156,2118,2194,2119,2155,2081,2157,2193,2079,2117
771,1596,1634,1558,3030,1595,1672,1633,1520,1557,1519
772,1128,1090,2977,1129,1166,1091,1089,1053,1052,1127
773,950,912,988,949,911,874,987,1026,873,836
774,550,588,549,511,513,512,551,586,587,548
775,684,646,683,722,608,3016,645,570,721,760
776,423,461,462,422,460,425,424,500,498,385
777,2351,2350,2352,2388,2313,2389,2390,2349,2312,2275
778,2206,2167,2168,2244,2169,2131,2207,2129,2205,2208
779,2154,2192,2153,2116,2115,2191,2077,2152,2117,2230
780,3030,1557,1595,1596,1558,1519,1594,1634,1520,1633
781,1776,1738,2947,1777,1739,1700,1701,1814,1815,2945
782,1321,1283,3004,1359,1360,1322,1284,1245,1282,1397
783,2670,2671,2669,2631,2708,2632,2633,2668,2709,2707
784,1282,1320,1244,1283,1281,3004,1245,2994,1243,1319
785,415,416,453,454,492,414,377,379,417,378
786,2112,2074,2075,2113,2111,2150,2035,2037,2114,1999
787,1049,1087,1011,1048,1050,1086,1088,1126,1124,1010
788,1026,1064,988,1025,987,1102,1063,950,949,1101
789,75,2933,150,152,76,112,110,114,113,149
790,1013,1051,975,1012,1014,1052,1050,974,1090,1088
791,1823,1861,1785,1824,1822,1862,1860,1899,1900,1786
792,2584,2622,2545,2583,2546,2507,2660,2621,2544,2508
793,992,1030,954,955,953,993,1031,991,917,1068
794,2306,2268,2307,2267,2231,2305,2269,2344,2230,2345
795,1072,1034,1110,1033,1073,2936,1035,1071,996,995
796,838,876,800,801,799,839,837,877,763,761
797,1822,1784,1860,1785,1823,1746,1821,1861,1783,1747
798,1596,1634,1558,3030,1595,1672,1633,1520,1557,1519
799,2167,2206,2205,2129,2244,2168,2243,2282,2207,2169
800,290,251,3009,215,288,253,289,250,252,292
801,1052,1014,1090,1053,1015,1051,1013,1128,976,1091
802,486,449,485,447,487,448,524,484,488,3037
803,824,786,823,862,785,825,861,747,787,822
804,225,302,300,226,301,264,263,262,265,299
805,1072,1034,1110,1033,1073,2936,1035,1071,996,995
806,878,839,840,916,2986,879,841,877,801,802
807,283,322,282,320,246,284,245,281,321,285
808,683,645,722,684,721,646,760,607,2938,3016
809,873,911,835,874,910,872,912,949,797,834
810,1075,1113,1037,1114,1074,1112,1076,1152,1151,1150
811,949,987,911,950,988,986,948,912,1025,873
812,408,369,371,407,446,409,406,370,483,372
813,1181,1143,1219,1220,1182,1180,1218,1257,1105,1144
814,2205,2167,2243,2129,2282,2244,2206,2281,2168,2091
815,1232,1270,1194,1195,1233,1231,1193,1271,1269,1155
816,207,244,171,208,245,206,172,246,243,205
817,1230,1268,1192,1191,3035,1231,1193,1267,1154,1153
818,2307,2345,2306,2344,2308,2269,2305,2231,2268,2346
819,1003,965,1041,1004,1042,1040,1002,966,927,1080
820,367,366,368,406,405,404,369,329,328,444
821,708,670,746,709,669,631,671,2941,633,707
822,684,646,683,722,608,3016,645,570,721,760
823,2619,2657,2620,2694,2581,2656,2658,2655,2696,2582
824,131,132,169,168,130,170,134,93,95,167
825,3016,646,569,607,644,608,570,645,684,606
826,1149,1187,3007,1111,1188,1186,1150,2936,1148,1225
827,1010,972,1048,1009,1011,971,973,934,933,1047
828,873,911,835,874,910,872,912,949,797,834
829,786,824,787,747,748,749,825,785,823,788
830,1231,1193,3035,1270,1269,1230,1232,1192,1194,1268
831,2382,2383,2420,2343,2421,2458,2344,2381,2384,2345
832,923,961,885,924,960,922,962,1000,998,999
833,1411,1449,1373,3039,1450,1488,1412,2951,1487,1486
834,569,3016,531,570,606,644,608,532,493,646
835,1472,1510,1434,1435,1471,1433,1548,1473,1511,1396
836,1065,1103,1027,1066,1104,1142,1141,1028,989,1067
837,1675,1713,1637,1674,1712,1676,1714,1599,1751,1750
838,478,479,439,441,403,515,440,401,516,477
839,824,786,823,862,785,825,861,747,787,822
840,796,759,834,758,795,720,797,835,757,721
841,2670,2671,2669,2631,2708,2632,2633,2668,2709,2707
842,405,444,442,404,367,406,403,366,443,3017
843,1671,1709,1633,1710,1672,2956,1747,1748,2996,1634
844,597,634,598,636,635,674,672,559,596,673
845,2209,2208,2985,2247,2171,2172,2246,2170,2210,2990
846,1951,1989,2997,1990,1913,1988,1950,2026,1952,2066
847,988,1026,950,987,949,912,1025,1064,911,1063
848,1815,1777,1853,1814,1854,1852,1816,1890,2947,1776
849,1003,965,1041,1004,1042,1040,1002,966,927,1080
850,1130,1092,1168,1131,1093,1091,1129,1055,1054,1167
851,405,444,442,404,367,406,403,366,443,3017
852,598,559,597,636,560,561,596,599,634,521
853,1668,1706,1630,1631,1667,1669,1629,1744,1593,1705
854,442,405,403,441,443,444,404,479,480,440
855,991,953,1029,1028,1030,990,992,1066,1068,915
856,1360,1322,1398,1321,1359,1361,1284,1323,3008,1283
857,1211,1249,1173,1210,1248,1250,1212,1172,1287,1288
858,606,568,644,569,567,531,605,530,529,3016
859,1052,1014,1090,1053,1015,1051,1013,1128,976,1091
860,868,830,906,829,869,867,831,792,944,905
861,2179,2216,2141,2217,2218,2140,2178,2180,2254,2255
862,991,953,1029,1028,1030,990,992,1066,1068,915
863,2670,2671,2669,2631,2708,2632,2633,2668,2709,2707
864,2996,2956,1594,1632,1633,1670,1595,1671,1708,2989
865,878,839,840,916,2986,879,841,877,801,802
866,2239,2201,3001,2276,2277,2278,2163,2240,2314,2238
867,873,911,835,874,910,872,912,949,797,834
868,1065,1103,1027,1066,1104,1142,1141,1028,989,1067
869,364,2995,363,326,325,362,402,365,440,400
870,1821,1783,1859,1858,1860,1820,1745,1822,1897,1784
871,3038,1292,1254,2943,1330,1216,1253,1291,1368,1215
872,3016,646,569,607,644,608,570,645,684,606
873,1119,1081,1157,1158,1156,1120,1118,1043,1082,1195
874,835,873,797,834,872,874,836,796,759,911
875,1176,1214,1138,1137,1175,3014,1099,1213,1139,1100
876,2584,2622,2545,2583,2546,2507,2660,2621,2544,2508
877,380,341,342,340,379,418,303,2935,417,304
878,1016,1054,978,979,1017,977,1015,1092,940,941
879,369,408,406,368,370,331,407,371,367,446
880,42,5,3,1,7,40,8,2974,44,2
881,478,479,439,441,403,515,440,401,516,477
882,379,341,416,380,417,378,418,415,2935,340
883,259,257,298,296,258,260,295,297,294,219
884,369,408,406,368,370,331,407,371,367,446
885,1173,1135,1211,1212,1174,1172,1210,1136,1250,1249
886,341,379,380,340,2935,416,418,378,342,417
887,933,971,895,934,970,932,972,1009,896,1008
888,1344,1306,1382,1345,1305,1343,1307,3035,1383,1420
889,446,483,484,409,408,407,522,447,371,445
890,829,867,828,868,791,830,792,866,790,905
891,131,132,169,168,130,170,134,93,95,167
892,2583,2544,2622,2582,2621,2545,2507,2584,2929,2505
893,992,1030,954,955,953,993,1031,991,917,1068
894,75,2933,150,152,76,112,110,114,113,149
895,453,415,492,490,414,452,491,454,416,377
896,3016,646,569,607,644,608,570,645,684,606
897,148,149,224,186,151,2957,113,111,188,146
898,788,750,749,787,3029,826,711,713,786,748
899,1716,1754,1678,1715,1677,1679,1717,1640,1792,1755
900,1511,1473,1549,2962,1510,1512,1548,1435,1472,1587
901,478,479,439,441,403,515,440,401,516,477
902,820,858,783,819,782,781,821,859,857,896
903,923,961,885,924,960,922,962,1000,998,999
904,352,353,351,390,315,354,314,389,313,391
905,526,525,489,487,527,488,564,524,563,566
906,1596,1634,1558,3030,1595,1672,1633,1520,1557,1519
907,985,1023,947,984,1024,1022,986,948,909,1061
908,1815,1777,1853,1814,1854,1852,1816,1890,2947,1776
909,569,3016,531,570,606,644,608,532,493,646
910,1898,1936,1860,1861,1899,1859,1897,1935,1974,1822
911,1052,1014,1090,1053,1015,1051,1013,1128,976,1091
912,764,763,726,802,765,725,687,801,727,3023
913,133,170,173,135,172,134,174,208,210,132
914,521,520,560,522,559,445,523,483,482,598
915,2343,2381,2382,2991,2344,2380,2305,2420,2383,2342
916,2233,2234,2195,2270,2983,2271,2272,2232,2194,2196
917,567,529,605,604,606,642,568,644,566,491
918,222,221,223,185,184,260,2957,262,183,220
919,1836,1874,1798,1797,1837,1799,2971,1835,1759,1760
920,297,296,299,298,336,261,335,259,338,295
921,1041,1003,1079,1040,1078,1080,1042,1002,1117,965
922,43,80,81,41,44,2966,78,83,79,119
923,2179,2216,2141,2217,2218,2140,2178,2180,2254,2255
924,793,831,794,755,830,832,792,870,869,717
925,1367,1405,1329,1366,1406,1291,1368,1443,1404,1442
926,528,566,529,489,490,451,491,604,527,452
927,1165,1127,1203,1204,2977,1202,1164,1240,1166,1089
928,1533,1495,1571,1570,1572,1532,1534,1494,1457,1609
929,1367,1405,1329,1366,1406,1291,1368,1443,1404,1442
930,34,72,68,74,69,35,73,32,71,29
931,405,444,442,404,367,406,403,366,443,3017
932,968,930,1006,969,967,931,929,1007,892,1005
933,60,61,58,19,62,21,100,59,25,56
934,1682,1644,1720,1681,1683,1643,1605,1645,1606,1719
935,1860,1822,1898,1859,1861,1821,1784,1823,1936,1899
936,34,72,68,74,69,35,73,32,71,29
937,1013,1051,975,1012,1014,1052,1050,974,1090,1088
938,1015,977,1053,1054,1052,1014,1016,1091,976,1092
939,1706,1668,1744,1705,1667,1669,1743,1782,1707,1630
940,1205,1167,1242,1243,1166,2994,1204,1129,1281,1244
941,425,426,424,462,423,464,387,388,422,427
942,1858,1896,1820,1821,1859,1819,1897,1857,1934,1783
943,1706,1668,1744,1705,1667,1669,1743,1782,1707,1630
944,2343,2381,2382,2991,2344,2380,2305,2420,2383,2342
945,1149,1187,3007,1111,1188,1186,1150,2936,1148,1225
946,950,912,988,949,911,874,987,1026,873,836
947,3030,1557,1595,1596,1558,1519,1594,1634,1520,1633
948,1519,1557,1481,1520,3030,1443,1482,1518,1558,2970
949,2180,2181,2141,2218,2142,2143,2179,2256,2219,2105
950,1128,1090,2977,1129,1166,1091,1089,1053,1052,1127
951,2154,2192,2153,2116,2115,2191,2077,2152,2117,2230
952,1205,1167,1242,1243,1166,2994,1204,1129,1281,1244
953,2049,2011,2126,2088,2012,2124,2087,2048,2050,2164
954,1119,1081,1157,1158,1156,1120,1118,1043,1082,1195
955,2670,2671,2669,2631,2708,2632,2633,2668,2709,2707
956,1621,1583,1659,1660,1620,1658,1622,1697,1698,1584
957,1776,1738,2947,1777,1739,1700,1701,1814,1815,2945
958,1860,1822,1898,1859,1861,1821,1784,1823,1936,1899
959,2459,2498,2497,2458,2496,2460,2535,2421,2461,2534
960,1103,1065,1141,1142,1104,1066,1027,1179,1180,1105
961,797,835,759,798,836,874,796,834,760,873
962,364,2995,363,326,325,362,402,365,440,400
963,863,825,901,900,864,862,902,787,938,939
964,1052,1014,1090,1053,1015,1051,1013,1128,976,1091
965,2351,2350,2352,2388,2313,2389,2390,2349,2312,2275
966,446,483,484,409,408,407,522,447,371,445
967,1717,1755,1679,1718,1716,1754,3005,1756,1641,1680
968,1186,1224,1148,1187,3007,1149,1185,1262,1225,1223
969,1147,1185,1146,1109,1184,1148,1222,1223,1108,1145
970,1677,1639,1715,1714,1678,1676,1716,1601,1638,1640
971,1292,1330,3038,1368,2943,1291,1329,1253,1254,1406
972,2694,2617,2655,2656,2619,2657,2616,2654,2732,2693
973,684,646,683,722,608,3016,645,570,721,760
974,825,787,863,862,824,786,864,826,900,788
975,1634,1672,1596,1633,1595,3030,1710,1671,1558,2996
976,1783,1821,1745,1784,1820,1859,1782,1746,1707,1858
977,684,646,683,722,608,3016,645,570,721,760
978,1671,1709,1633,1710,1672,2956,1747,1748,2996,1634
979,1860,1822,1898,1859,1861,1821,1784,1823,1936,1899
980,1623,1661,1585,1622,1624,1660,1662,1699,1547,1586
981,2116,2078,2077,2117,2154,2192,2079,2115,2041,2039
982,148,149,224,186,151,2957,113,111,188,146
983,1041,1003,1079,1040,1078,1080,1042,1002,1117,965
984,1767,1805,1729,1806,1768,1766,1844,1804,1843,1728
985,1282,1320,1244,1283,1281,3004,1245,2994,1243,1319
986,2125,2163,2202,2087,2164,2126,2201,2162,2127,2124
987,235,271,3010,272,233,234,273,3031,309,270
988,446,483,484,409,408,407,522,447,371,445
989,1815,1777,1853,1814,1854,1852,1816,1890,2947,1776
990,408,369,371,407,446,409,406,370,483,372
991,3001,2239,2200,2163,2276,2238,2162,2201,2199,2277
992,901,939,863,902,940,900,938,978,864,976
993,49,86,90,89,50,48,2928,46,88,45
994,2125,2163,2202,2087,2164,2126,2201,2162,2127,2124
995,3004,1321,1359,1358,1320,1396,1283,1397,1282,1319
996,1130,1092,1168,1131,1093,1091,1129,1055,1054,1167
997,1220,1258,1182,1183,1181,1219,1221,1257,1296,1143
998,2205,2167,2243,2129,2282,2244,2206,2281,2168,2091
999,1150,1188,1111,1113,1112,1151,1189,1149,1226,1075
1000,1824,1786,1862,1823,1785,1900,1748,1861,1747,1938
1001,1834,1796,1872,1835,1833,1795,1797,1757,1759,1873
1002,263,302,339,2935,301,225,340,303,378,338
1003,2285,2247,2323,2284,2324,2990,2322,2246,2362,2985
1004,2193,2155,2232,2194,2230,2192,2231,2156,2195,2117
1005,453,415,492,490,414,452,491,454,416,377
1006,633,670,595,672,671,594,632,710,708,631
1007,526,525,489,487,527,488,564,524,563,566
1008,1890,1852,1928,1891,1853,1851,1929,1814,1815,1966
1009,1767,1805,1729,1806,1768,1766,1844,1804,1843,1728
1010,1814,2947,1852,1815,1776,1777,1775,1813,1890,2945
1011,34,72,68,74,69,35,73,32,71,29
1012,1052,1014,1090,1053,1015,1051,1013,1128,976,1091
1013,1460,1498,1422,1421,1423,1461,1459,1499,1384,1536
1014,1911,1949,1873,1912,1948,1910,1950,1986,1987,1872
1015,1783,1821,1745,1784,1820,1859,1782,1746,1707,1858
1016,422,460,423,383,421,424,385,461,384,425
1017,2307,2345,2306,2344,2308,2269,2305,2231,2268,2346
1018,1129,1091,1167,1166,1168,1128,1130,1053,1205,2977
1019,1978,2016,1940,1939,1979,1941,1903,2931,2017,1980
1020,2049,2011,2126,2088,2012,2124,2087,2048,2050,2164
1021,350,388,351,349,313,389,3032,387,314,390
1022,988,1026,950,987,949,912,1025,1064,911,1063
1023,1623,1661,1585,1622,1624,1660,1662,1699,1547,1586
1024,2154,2192,2153,2116,2115,2191,2077,2152,2117,2230
1025,936,974,898,899,935,937,897,973,861,975
1026,342,380,303,304,340,341,418,379,2935,265
1027,2198,2199,2160,2236,2161,2123,2274,2159,2200,2238
1028,1205,1167,1242,1243,1166,2994,1204,1129,1281,1244
1029,2383,2382,2384,2421,2344,2345,2343,2422,2420,2458
1030,414,452,377,453,413,375,415,490,416,450
1031,521,520,560,522,559,445,523,483,482,598
1032,263,302,339,2935,301,225,340,303,378,338
1033,380,341,342,340,379,418,303,2935,417,304
1034,2917,2919,2916,2914,2921,2915,2911,2879,2922,2924
1035,2735,2984,2659,2698,2658,2697,2696,2695,2734,2620
1036,263,302,339,2935,301,225,340,303,378,338
1037,1680,1718,1642,1643,1641,1681,1679,1719,1604,1717
1038,3004,1321,1359,1358,1320,1396,1283,1397,1282,1319
1039,2127,2128,2164,2165,2202,2203,2089,2166,2125,2126
1040,1206,2994,1169,1168,1207,1167,1244,1131,1245,1130
1041,1138,1100,1176,1099,1139,3014,1137,1061,1062,1101
1042,342,380,303,304,340,341,418,379,2935,265
1043,1807,1845,1769,1806,1808,1846,1844,1884,1883,1882
1044,873,911,835,874,910,872,912,949,797,834
1045,133,170,173,135,172,134,174,208,210,132
1046,598,559,597,636,560,561,596,599,634,521
1047,1599,1561,1637,1636,1598,1638,1560,1600,1674,1675
1048,2201,2239,2240,2202,2163,2278,2125,3001,2203,2277
1049,2217,2179,2254,2218,2255,2216,2292,2293,2215,2141
1050,133,170,173,135,172,134,174,208,210,132
1051,764,763,726,802,765,725,687,801,727,3023
1052,2307,2345,2306,2344,2308,2269,2305,2231,2268,2346
1053,795,757,833,834,796,758,832,872,756,871
1054,2127,2128,2164,2165,2202,2203,2089,2166,2125,2126
1055,133,170,173,135,172,134,174,208,210,132
1056,494,532,456,493,455,417,531,454,570,418
1057,865,827,903,866,902,904,864,789,826,940
1058,745,707,746,784,783,782,2941,744,822,821
1059,263,302,339,2935,301,225,340,303,378,338
1060,1254,1216,3038,2943,1178,1177,1292,1215,1140,1253
1061,298,259,261,260,297,223,296,258,299,257
1062,38,36,35,32,30,74,28,37,2937,34
1063,824,786,823,862,785,825,861,747,787,822
1064,801,839,763,802,838,800,840,878,764,876
1065,283,322,282,320,246,284,245,281,321,285
1066,950,912,988,949,911,874,987,1026,873,836
1067,761,799,762,800,723,838,837,763,724,725
1068,207,244,171,208,245,206,172,246,243,205
1069,445,483,3017,482,520,521,407,522,481,446
1070,1139,1101,3014,1138,1178,1100,1177,1063,1140,1176
1071,1431,1393,1469,1468,1470,1432,1430,1394,1355,1507
1072,1193,1231,1155,1192,1194,1230,1232,3035,1270,1154
1073,758,757,720,719,796,795,681,2938,756,759
1074,1183,1221,1182,1145,1220,1184,1258,1222,1144,1259
1075,1128,1090,2977,1129,1166,1091,1089,1053,1052,1127
1076,38,36,35,32,30,74,28,37,2937,34
1077,1631,1593,1669,1668,1670,1632,1630,2989,1707,1706
1078,148,149,224,186,151,2957,113,111,188,146
1079,835,873,797,834,872,874,836,796,759,911
1080,1374,1336,1412,1373,1337,1335,2951,2988,1298,1375
1081,569,3016,531,570,606,644,608,532,493,646
1082,1623,1661,1585,1622,1624,1660,1662,1699,1547,1586
1083,1767,1805,1729,1806,1768,1766,1844,1804,1843,1728
1084,133,170,173,135,172,134,174,208,210,132
1085,235,271,3010,272,233,234,273,3031,309,270
1086,1596,1634,1558,3030,1595,1672,1633,1520,1557,1519
1087,1150,1188,1111,1113,1112,1151,1189,1149,1226,1075
1088,788,750,749,787,3029,826,711,713,786,748
1089,1255,1293,1217,1256,1294,1332,1331,1179,1218,1219
1090,75,2933,150,152,76,112,110,114,113,149
1091,1016,1054,978,979,1017,977,1015,1092,940,941
1092,2623,2942,2624,2662,2661,2586,2625,2700,2663,2585
1093,1597,1635,1559,1636,1598,1673,1674,1521,3034,1560
1094,683,645,722,684,721,646,760,607,2938,3016
1095,1634,1672,1596,1633,1595,3030,1710,1671,1558,2996
1096,835,873,797,834,872,874,836,796,759,911
1097,1767,1805,1729,1806,1768,1766,1844,1804,1843,1728
1098,2354,2392,2317,2355,3006,2316,2393,2315,2391,2279
1099,34,72,68,74,69,35,73,32,71,29
1100,1205,1167,1242,1243,1166,2994,1204,1129,1281,1244
1101,2167,2206,2205,2129,2244,2168,2243,2282,2207,2169
1102,1128,1090,2977,1129,1166,1091,1089,1053,1052,1127
1103,1783,1821,1745,1784,1820,1859,1782,1746,1707,1858
1104,1128,1090,2977,1129,1166,1091,1089,1053,1052,1127
1105,1091,1053,1129,1128,1092,1130,1168,1015,1090,1054
1106,1193,1231,1155,1192,1194,1230,1232,3035,1270,1154
1107,2623,2942,2624,2662,2661,2586,2625,2700,2663,2585
1108,1059,1021,1097,1098,1060,1058,1136,1096,1022,1135
1109,1013,1051,975,1012,1014,1052,1050,974,1090,1088
1110,1671,1709,1633,1710,1672,2956,1747,1748,2996,1634
1111,828,866,829,789,790,791,867,904,827,751
1112,968,930,1006,969,967,931,929,1007,892,1005
1113,3029,826,751,788,750,827,789,713,787,864
1114,446,483,484,409,408,407,522,447,371,445
1115,961,923,999,1000,962,960,998,1038,885,924
1116,1009,1047,971,1010,1048,1008,1046,933,1086,1084
1117,288,289,287,249,290,250,3009,251,286,326
1118,415,416,453,454,492,414,377,379,417,378
1119,1821,1783,1859,1858,1860,1820,1745,1822,1897,1784
1120,607,645,644,682,3016,2938,605,646,569,683
1121,2079,2118,2041,2117,2078,2080,2116,2042,2156,2081
1122,1031,993,1069,1070,1030,1068,1032,992,955,1106
1123,1139,1101,3014,1138,1178,1100,1177,1063,1140,1176
1124,25,62,27,100,29,23,66,21,60,64
1125,263,302,339,2935,301,225,340,303,378,338
1126,181,183,218,182,220,256,145,141,221,184
1127,2112,2074,2075,2113,2111,2150,2035,2037,2114,1999
1128,2239,2201,3001,2276,2277,2278,2163,2240,2314,2238
1129,1146,1108,1147,1109,1184,1107,1145,1071,1070,1185
1130,367,366,368,406,405,404,369,329,328,444
1131,477,476,515,439,514,552,475,516,401,478
1132,1128,1090,2977,1129,1166,1091,1089,1053,1052,1127
1133,1035,1073,997,1036,1074,1034,1072,998,1112,959
1134,633,670,595,672,671,594,632,710,708,631
1135,842,880,804,841,843,805,803,881,879,918
1136,209,248,171,284,210,246,211,172,247,249
1137,263,302,339,2935,301,225,340,303,378,338
1138,369,408,406,368,370,331,407,371,367,446
1139,1302,1264,1340,1301,1265,2992,1303,1263,1226,1378
1140,2919,2917,2883,2922,2879,2915,2918,2921,2914,2924
1141,2654,2617,2653,2692,2655,2615,2693,2694,2691,3002
1142,176,101,2973,137,175,63,136,102,174,97
1143,49,86,90,89,50,48,2928,46,88,45
1144,2180,2181,2141,2218,2142,2143,2179,2256,2219,2105
1145,2253,2972,2290,2215,2214,2252,2328,2254,2251,2291
1146,1633,1595,1671,2996,1634,1672,2956,1594,1709,3030
1147,796,759,834,758,795,720,797,835,757,721
1148,2079,2118,2041,2117,2078,2080,2116,2042,2156,2081
1149,873,911,835,874,910,872,912,949,797,834
1150,1232,1270,1194,1195,1233,1231,1193,1271,1269,1155
1151,873,911,835,874,910,872,912,949,797,834
1152,2654,2617,2653,2692,2655,2615,2693,2694,2691,3002
1153,1064,1102,1026,1063,1025,1140,1101,988,987,1178
1154,1406,1368,1444,1330,1405,1367,1482,1443,1329,1292
1155,415,416,453,454,492,414,377,379,417,378
1156,2029,2067,2028,2104,2066,2105,2030,1991,2106,2068
1157,1232,1270,1194,1195,1233,1231,1193,1271,1269,1155
1158,263,302,339,2935,301,225,340,303,378,338
1159,1783,1821,1745,1784,1820,1859,1782,1746,1707,1858
1160,2156,2118,2194,2119,2155,2081,2157,2193,2079,2117
1161,1940,1939,1978,1902,1903,1901,2960,1941,1977,1864
1162,2996,2956,1594,1632,1633,1670,1595,1671,1708,2989
1163,835,873,797,834,872,874,836,796,759,911
1164,1302,1264,1340,1301,1265,2992,1303,1263,1226,1378
1165,38,36,35,32,30,74,28,37,2937,34
1166,567,529,605,604,606,642,568,644,566,491
1167,1041,1003,1079,1040,1078,1080,1042,1002,1117,965
1168,633,670,595,672,671,594,632,710,708,631
1169,1061,1099,1023,1060,1062,1100,1098,1138,1137,985
1170,288,289,287,249,290,250,3009,251,286,326
1171,707,744,745,746,706,669,782,705,783,708
1172,1009,1047,971,1010,1048,1008,1046,933,1086,1084
1173,2154,2192,2153,2116,2115,2191,2077,2152,2117,2230
1174,1205,1167,1242,1243,1166,2994,1204,1129,1281,1244
1175,1859,1897,1821,1860,1898,1858,1783,1935,1896,1934
1176,1783,1821,1745,1784,1820,1859,1782,1746,1707,1858
1177,1557,1519,3030,2970,1481,1594,1595,1556,1520,1518
1178,1558,1520,1596,3030,1519,1482,1557,1634,1595,1481
1179,798,797,760,836,759,874,721,835,722,796
1180,2216,2179,2215,2254,2217,2178,2139,2177,2140,2141
1181,263,302,339,2935,301,225,340,303,378,338
1182,38,36,35,32,30,74,28,37,2937,34
1183,288,289,287,249,290,250,3009,251,286,326
1184,949,987,911,950,988,986,948,912,1025,873
1185,923,961,885,924,960,922,962,1000,998,999
1186,441,479,442,480,403,443,478,518,517,405
1187,528,566,529,489,490,451,491,604,527,452
1188,565,640,527,603,604,566,564,641,642,678
1189,873,911,835,874,910,872,912,949,797,834
1190,798,797,760,836,759,874,721,835,722,796
1191,2543,2542,2929,2580,2505,2618,2468,2544,2503,2467
1192,1255,1293,1217,1256,1294,1332,1331,1179,1218,1219
1193,1150,1188,1111,1113,1112,1151,1189,1149,1226,1075
1194,263,302,339,2935,301,225,340,303,378,338
1195,1205,1167,1242,1243,1166,2994,1204,1129,1281,1244
1196,2584,2622,2545,2583,2546,2507,2660,2621,2544,2508
1197,1978,2016,1940,1939,1979,1941,1903,2931,2017,1980
1198,968,930,1006,969,967,931,929,1007,892,1005
1199,1821,1783,1859,1858,1860,1820,1745,1822,1897,1784
1200,2623,2942,2624,2662,2661,2586,2625,2700,2663,2585
1201,1677,1639,1715,1714,1678,1676,1716,1601,1638,1640
1202,1181,1143,1219,1220,1182,1180,1218,1257,1105,1144
1203,1003,965,1041,1004,1042,1040,1002,966,927,1080
1204,1013,1051,975,1012,1014,1052,1050,974,1090,1088
1205,367,366,368,406,405,404,369,329,328,444
1206,2767,2768,2728,2729,2766,2806,2730,2804,2969,2690
1207,249,250,248,286,288,287,211,247,251,209
1208,442,405,403,441,443,444,404,479,480,440
1209,441,479,442,480,403,443,478,518,517,405
1210,1891,1929,1853,1890,1892,1930,1928,1968,1967,1966
1211,1119,1081,1157,1158,1156,1120,1118,1043,1082,1195
1212,1026,1064,988,1025,987,1102,1063,950,949,1101
1213,683,645,722,684,721,646,760,607,2938,3016
1214,795,757,833,834,796,758,832,872,756,871
1215,263,302,339,2935,301,225,340,303,378,338
1216,175,174,214,213,176,101,2973,212,173,135
1217,595,672,633,594,557,596,634,558,632,670
1218,75,2933,150,152,76,112,110,114,113,149
1219,2619,2657,2620,2694,2581,2656,2658,2655,2696,2582
1220,442,405,403,441,443,444,404,479,480,440
1221,1137,1099,1175,1176,1174,1136,1138,1098,1061,1212
1222,1577,1615,1539,1578,1614,1616,1576,1653,1501,1654
1223,1982,2020,1944,1945,1943,2021,1983,1981,2019,1906
1224,707,744,745,746,706,669,782,705,783,708
1225,1302,1264,1340,1301,1265,2992,1303,1263,1226,1378
1226,1321,1283,3004,1359,1360,1322,1284,1245,1282,1397
1227,1164,1202,1126,1127,1125,1163,1165,1201,1240,1087
1228,1860,1822,1898,1859,1861,1821,1784,1823,1936,1899
1229,153,192,154,155,115,191,193,156,117,194
1230,828,866,829,789,790,791,867,904,827,751
1231,263,302,339,2935,301,225,340,303,378,338
1232,263,302,339,2935,301,225,340,303,378,338
1233,403,440,442,441,404,478,479,365,402,405
1234,1411,1449,1373,3039,1450,1488,1412,2951,1487,1486
1235,1052,1014,1090,1053,1015,1051,1013,1128,976,1091
1236,423,461,462,422,460,425,424,500,498,385
1237,38,36,35,32,30,74,28,37,2937,34
1238,645,607,683,2938,646,721,3016,720,682,684
1239,602,601,564,678,639,525,640,563,638,527
1240,528,566,529,489,490,451,491,604,527,452
1241,1907,1945,1869,1908,1946,3022,1944,1984,1906,1983
1242,408,369,371,407,446,409,406,370,483,372
1243,992,1030,954,955,953,993,1031,991,917,1068
1244,1767,1805,1729,1806,1768,1766,1844,1804,1843,1728
1245,422,460,423,383,421,424,385,461,384,425
1246,2764,2727,2765,2763,2766,2728,2802,2725,2804,2800
1247,298,259,261,260,297,223,296,258,299,257
1248,2029,2067,2028,2104,2066,2105,2030,1991,2106,2068
1249,550,588,549,511,513,512,551,586,587,548
1250,760,721,798,722,759,683,797,720,645,796
1251,1821,1783,1859,1858,1860,1820,1745,1822,1897,1784
1252,3004,1321,1359,1358,1320,1396,1283,1397,1282,1319
1253,1013,1051,975,1012,1014,1052,1050,974,1090,1088
1254,153,192,154,155,115,191,193,156,117,194
1255,1017,1055,979,1018,1016,1054,1056,1092,1093,941
1256,648,647,611,649,609,686,3026,610,650,724
1257,2083,2122,2045,2121,2082,2046,2084,2158,2160,2007
1258,598,559,597,636,560,561,596,599,634,521
1259,1147,1185,1146,1109,1184,1148,1222,1223,1108,1145
1260,1205,1167,1242,1243,1166,2994,1204,1129,1281,1244
1261,2343,2381,2382,2991,2344,2380,2305,2420,2383,2342
1262,562,524,523,561,563,600,485,560,525,599
1263,415,416,453,454,492,414,377,379,417,378
1264,415,416,453,454,492,414,377,379,417,378
1265,3016,646,569,607,644,608,570,645,684,606
1266,745,707,746,784,783,782,2941,744,822,821
1267,1678,1640,1716,1677,1639,1679,1641,1601,1754,1602
1268,2584,2622,2545,2583,2546,2507,2660,2621,2544,2508
1269,1181,1143,1219,1220,1182,1180,1218,1257,1105,1144
1270,1951,1989,2997,1990,1913,1988,1950,2026,1952,2066
1271,1672,1634,1710,1671,1633,1748,1596,1595,1709,3030
1272,442,405,403,441,443,444,404,479,480,440
1273,1252,1290,1214,1213,1215,1253,1251,1328,1176,1291
1274,446,483,484,409,408,407,522,447,371,445
1275,1460,1498,1422,1421,1423,1461,1459,1499,1384,1536
1276,1846,1808,1884,1847,1809,1807,1845,1770,1885,1771
1277,414,452,377,453,413,375,415,490,416,450
1278,1130,1092,1168,1131,1093,1091,1129,1055,1054,1167
1279,1264,1302,1226,1225,1263,2992,1301,1187,1340,1265
1280,1147,1185,1146,1109,1184,1148,1222,1223,1108,1145
1281,1013,1051,975,1012,1014,1052,1050,974,1090,1088
1282,1722,1685,1760,1723,2952,1761,1684,1798,1647,1721
1283,451,489,488,452,450,528,490,449,566,526
1284,1459,1497,1421,1458,1498,1460,1496,1536,1383,1535
1285,1193,1231,1155,1192,1194,1230,1232,3035,1270,1154
1286,2010,3027,2048,2047,1971,2009,1972,2086,2011,1973
1287,641,679,603,640,680,678,718,716,565,717
1288,1128,1090,2977,1129,1166,1091,1089,1053,1052,1127
1289,1205,1167,1242,1243,1166,2994,1204,1129,1281,1244
1290,1128,1090,2977,1129,1166,1091,1089,1053,1052,1127
1291,2112,2074,2075,2113,2111,2150,2035,2037,2114,1999
1292,2670,2671,2669,2631,2708,2632,2633,2668,2709,2707
1293,405,444,442,404,367,406,403,366,443,3017
1294,380,341,342,340,379,418,303,2935,417,304
1295,2938,720,719,645,682,607,721,758,643,683
1296,369,408,406,368,370,331,407,371,367,446
1297,263,302,339,2935,301,225,340,303,378,338
