,ftz,Nek2,cad,exex,rho,htl,Traf4,CG11208,peb,lok
,zen,trn,croc,ken,Kr,Cyp310a1,E(spl)m5-HLH,Mes2,danr,D
1,219,258,217,256,220,294,257,179,260,221
2,1193,1231,1155,1192,1194,1230,1232,3035,1270,1154
3,1323,1361,1285,1324,1322,1362,1399,1360,1400,1247
4,19,54,21,60,58,17,56,52,62,23
5,1235,1197,1273,1272,1236,1234,1274,1311,1310,1196
6,2612,2574,2611,2573,2536,2535,2610,2650,2572,2537
7,109,107,112,147,111,31,110,2933,108,144
8,69,29,70,72,68,34,67,27,31,104
9,1295,1333,1257,1294,1334,1296,1372,1332,1256,1371
10,185,2957,262,187,222,223,224,184,226,300
11,677,716,715,676,639,753,754,714,678,679
12,283,322,282,320,246,284,245,281,321,285
13,1197,1235,1159,1236,1198,1196,1234,1121,1272,1274
14,1957,1995,1956,1919,1994,1996,1918,1958,2032,2946
15,718,680,717,681,756,679,641,643,755,794
16,2857,2856,2858,2821,2855,2819,2854,2860,2859,2953
17,1326,1288,1364,1289,1327,1325,1287,1251,1250,1249
18,1298,1336,1260,1299,1259,1297,1261,1335,2988,1374
19,1415,1453,1377,1416,1414,1454,3021,1452,1378,1339
20,135,134,174,2973,133,97,173,170,175,176
21,1083,1045,1121,1122,1120,1082,1084,1046,1044,1159
22,1355,1317,1393,1392,1356,1354,1394,1279,1431,1430
23,1176,1214,1138,1137,1175,3014,1099,1213,1139,1100
24,1300,1338,1262,1263,1299,1301,2988,1261,1376,1339
25,1404,1366,1442,1365,1403,1480,1367,1328,1405,1327
26,407,3017,483,406,408,445,369,446,444,371
27,1266,1304,1229,1228,1227,1265,2992,1342,1267,1303
28,1361,1323,1399,1398,3008,1360,1322,1400,1362,1285
29,1642,1604,1680,1641,1643,1603,1605,1566,1565,1567
30,1244,2994,1282,1245,1243,1207,1206,1320,1281,1283
31,932,894,970,931,895,893,933,969,857,855
32,474,473,437,512,511,435,436,475,472,548
33,1734,1696,1772,1733,1735,1695,1697,1657,1658,1771
34,964,1002,926,925,963,927,965,887,1040,1001
35,377,378,414,375,376,416,415,2935,339,453
36,502,503,463,540,465,501,541,466,464,542
37,377,378,414,375,376,416,415,2935,339,453
38,1402,1440,1364,1363,1365,1403,1401,1478,1441,1326
39,1402,1440,1364,1363,1365,1403,1401,1478,1441,1326
40,2681,2680,2720,2643,2682,2718,2717,2679,2721,2642
41,1819,1781,1857,1820,1856,1858,1782,1896,1743,1780
42,1208,2932,1246,1207,1169,1170,1245,1284,1171,1209
43,1290,1252,1328,1289,1251,1253,1213,1291,1214,1366
44,1298,1336,1260,1299,1259,1297,1261,1335,2988,1374
45,1588,1626,2962,1550,1587,1589,1551,1664,1512,1625
46,488,487,449,489,451,450,526,486,3037,525
47,1344,1306,1382,1345,1305,1343,1307,3035,1383,1420
48,350,388,351,349,313,389,3032,387,314,390
49,1691,1729,1653,1692,1690,1728,1730,1768,1615,1654
50,823,861,824,822,785,862,860,784,786,899
51,2809,2846,2771,2969,2769,2999,2848,2844,2807,2808
52,69,29,70,72,68,34,67,27,31,104
53,1308,1346,1271,1309,1270,1269,1347,1307,1233,1384
54,373,372,374,411,334,410,335,333,412,371
55,416,415,379,378,377,341,454,417,453,414
56,109,107,112,147,111,31,110,2933,108,144
57,1305,1343,1267,1306,1342,1304,1344,2949,1382,1268
58,377,378,414,375,376,416,415,2935,339,453
59,661,623,662,700,624,699,698,622,585,663
60,1001,1039,963,1000,1038,1040,1002,1076,1077,1078
61,1479,1441,1517,1480,1518,1478,1556,1403,1555,1516
62,667,705,704,742,668,666,629,744,743,703
63,351,352,350,389,390,313,314,388,315,353
64,1692,1730,1654,1691,1653,1655,1693,1768,1729,1615
65,1589,1551,1627,1628,1626,1588,1590,1550,1665,1552
66,69,29,70,72,68,34,67,27,31,104
67,1725,1763,1687,1724,1762,1764,1726,1801,1686,1649
68,2751,2750,2752,2788,3028,2714,2790,2749,2713,2711
69,1746,1708,1784,1745,1707,1747,2956,1822,1709,1783
70,2426,2425,2427,2387,2388,2464,2349,2424,2389,2465
71,1783,1821,1745,1784,1820,1859,1782,1746,1707,1858
72,1154,1192,1116,1117,1155,1153,1115,1079,1191,1193
73,1223,1185,1261,1222,1260,1224,1147,1299,1262,1186
74,1238,1200,1276,1237,1239,1199,1201,1275,1161,1162
75,377,378,414,375,376,416,415,2935,339,453
76,2681,2680,2720,2643,2682,2718,2717,2679,2721,2642
77,1745,1783,1707,1744,1746,1782,1821,1784,1669,1820
78,2747,2746,2748,2786,2709,2708,2784,2711,2744,2707
79,2962,1588,1511,1587,1512,1550,1549,1626,1473,1625
80,1311,1273,1349,1348,1350,1310,1272,1312,1235,1387
81,1154,1192,1116,1117,1155,1153,1115,1079,1191,1193
82,968,930,1006,969,967,931,929,1007,892,1005
83,1083,1045,1121,1122,1120,1082,1084,1046,1044,1159
84,612,613,650,573,575,574,611,614,535,688
85,1746,1708,1784,1745,1707,1747,2956,1822,1709,1783
86,1468,1506,1430,1429,1431,1467,1469,1393,1544,1392
87,628,666,627,629,589,665,590,626,704,551
88,502,503,463,540,465,501,541,466,464,542
89,1420,1382,1458,1383,1419,1381,1421,1345,1496,1344
90,643,682,680,642,719,681,605,603,718,2938
91,86,46,49,88,89,2928,87,47,45,85
92,109,107,112,147,111,31,110,2933,108,144
93,1561,1599,1523,1562,1560,1600,1598,1637,1638,1636
94,416,415,379,378,377,341,454,417,453,414
95,1670,1632,1669,1708,2956,1631,2996,1707,2989,1746
96,1681,1719,1643,1682,1720,1680,1718,1605,1758,1757
97,1402,1440,1364,1363,1365,1403,1401,1478,1441,1326
98,2563,2562,2602,2564,2601,2525,2600,2640,2565,2524
99,776,738,814,777,815,739,737,701,852,813
100,1746,1708,1784,1745,1707,1747,2956,1822,1709,1783
101,2194,2195,2156,2193,2157,2232,2155,2119,2118,2233
102,416,415,379,378,377,341,454,417,453,414
103,1746,1708,1784,1745,1707,1747,2956,1822,1709,1783
104,718,680,717,681,756,679,641,643,755,794
105,109,107,112,147,111,31,110,2933,108,144
106,1181,1143,1219,1220,1182,1180,1218,1257,1105,1144
107,86,46,49,88,89,2928,87,47,45,85
108,757,756,795,758,681,832,794,719,833,796
109,403,440,442,441,404,478,479,365,402,405
110,1670,1632,1669,1708,2956,1631,2996,1707,2989,1746
111,1159,1121,1197,1196,1158,1198,1160,1120,1235,1236
112,1865,1827,1903,1866,1904,1902,1864,1828,1941,1789
113,643,682,680,642,719,681,605,603,718,2938
114,283,322,282,320,246,284,245,281,321,285
115,2196,2157,2197,2158,2234,2159,2119,2195,2121,2120
116,1527,1489,1565,1564,1566,1528,1526,1451,1490,1603
117,1115,1153,1077,1152,1116,1114,1154,1190,1191,1192
118,2681,2680,2720,2643,2682,2718,2717,2679,2721,2642
119,1043,1081,1005,1042,1044,1082,1080,1119,1006,1118
120,1220,1258,1182,1183,1181,1219,1221,1257,1296,1143
121,1159,1121,1197,1196,1158,1198,1160,1120,1235,1236
122,718,680,717,681,756,679,641,643,755,794
123,807,845,769,806,808,844,846,882,770,884
124,1409,1371,1447,1448,1410,1446,1408,3039,1372,1333
125,971,933,1009,1008,1010,970,972,934,895,1047
126,404,365,405,366,403,367,442,440,328,2995
127,416,415,379,378,377,341,454,417,453,414
128,2088,2050,2089,2049,2126,2013,2164,2051,2012,2011
129,1334,1372,1296,1295,1297,1335,2951,1333,1410,1257
130,1043,1081,1005,1042,1044,1082,1080,1119,1006,1118
131,1196,1234,1158,1195,1159,1197,1157,1233,1235,1272
132,109,107,112,147,111,31,110,2933,108,144
133,1299,1261,2988,1298,1300,1336,1260,1337,1262,1338
134,416,415,379,378,377,341,454,417,453,414
135,339,376,338,263,2935,301,378,337,377,299
136,643,682,680,642,719,681,605,603,718,2938
137,339,376,338,263,2935,301,378,337,377,299
138,1865,1827,1903,1866,1904,1902,1864,1828,1941,1789
139,416,415,379,378,377,341,454,417,453,414
140,540,541,501,539,502,578,503,616,542,579
141,2945,1737,1775,2947,2980,1738,1699,1774,1776,1736
142,1424,1462,1386,1387,1423,1385,1425,1348,1463,1500
143,778,779,740,741,739,777,816,703,817,780
144,668,630,706,629,705,667,591,669,666,593
145,416,415,379,378,377,341,454,417,453,414
146,416,415,379,378,377,341,454,417,453,414
147,1083,1045,1121,1122,1120,1082,1084,1046,1044,1159
148,638,601,637,676,599,600,639,714,602,675
149,1458,1420,1496,1459,1421,1419,1457,1382,1534,1497
150,1667,1629,1705,1666,1704,1706,1668,1591,1630,1743
151,69,29,70,72,68,34,67,27,31,104
152,1936,1898,1974,1935,1897,1899,1937,2012,1973,1860
153,1479,1441,1517,1480,1518,1478,1556,1403,1555,1516
154,2180,2181,2141,2218,2142,2143,2179,2256,2219,2105
155,1047,1009,1085,1084,1086,1048,1046,971,1008,1010
156,415,416,453,454,492,414,377,379,417,378
157,1746,1708,1784,1745,1707,1747,2956,1822,1709,1783
158,416,415,379,378,377,341,454,417,453,414
159,567,529,605,604,606,642,568,644,566,491
160,784,822,745,2941,783,785,821,746,860,823
161,947,909,985,948,984,946,986,910,1023,871
162,1154,1192,1116,1117,1155,1153,1115,1079,1191,1193
163,1746,1708,1784,1745,1707,1747,2956,1822,1709,1783
164,406,369,367,444,407,405,3017,368,408,366
165,1362,1400,1324,1325,1323,1363,1399,1287,1361,1286
166,555,556,592,593,632,518,517,594,554,519
167,716,679,677,754,678,639,641,753,717,676
168,2080,2081,2042,2043,2004,2118,2079,2005,2041,2119
169,375,376,412,377,413,337,414,378,452,374
170,416,415,379,378,377,341,454,417,453,414
171,548,511,510,586,547,549,473,550,509,472
172,377,378,414,375,376,416,415,2935,339,453
173,2194,2195,2156,2193,2157,2232,2155,2119,2118,2233
174,2693,2655,2692,2730,2770,2732,2654,2729,2731,2691
175,1035,1073,997,1036,1074,1034,1072,998,1112,959
176,1963,2001,2002,1925,1962,2040,1964,2039,1926,2038
177,1452,2975,1414,1413,1490,1415,1375,1453,3021,1376
178,2726,2689,2725,2724,2688,2687,2651,2727,2686,2649
179,416,415,379,378,377,341,454,417,453,414
180,108,144,147,145,143,106,146,182,109,107
181,20,17,23,18,15,21,24,22,26,19
182,2056,2017,2055,2094,2018,2057,2054,2132,1979,2133
183,784,822,745,2941,783,785,821,746,860,823
184,757,756,795,758,681,832,794,719,833,796
185,339,376,338,263,2935,301,378,337,377,299
186,1154,1192,1116,1117,1155,1153,1115,1079,1191,1193
187,1725,1763,1687,1724,1762,1764,1726,1801,1686,1649
188,705,667,744,668,706,743,742,707,704,629
189,1257,1219,1295,1296,1258,1294,1256,1220,1181,1334
190,1263,1301,1225,1300,1262,1264,1302,1338,1224,1339
191,1727,1765,1689,1764,1726,1688,1728,1766,1803,1802
192,416,415,379,378,377,341,454,417,453,414
193,1746,1708,1784,1745,1707,1747,2956,1822,1709,1783
194,2988,1337,1299,1338,1336,1376,1300,1375,1261,1298
195,1395,1357,1433,1432,1394,1396,1434,1358,1471,1319
196,438,399,400,476,437,401,475,436,361,477
197,1083,1045,1121,1122,1120,1082,1084,1046,1044,1159
198,349,387,3032,348,350,386,388,313,424,311
199,1580,1542,1618,1541,1579,1581,1543,1504,1505,1656
200,2604,2567,2566,2605,2642,2565,2603,2643,2606,2602
201,1268,1267,1230,1191,1229,3035,1306,1305,1231,1192
202,2056,2017,2055,2094,2018,2057,2054,2132,1979,2133
203,1758,1720,1796,1757,1721,1759,1719,1683,1681,1834
204,1746,1708,1784,1745,1707,1747,2956,1822,1709,1783
205,853,891,815,852,854,892,890,816,929,777
206,577,615,614,576,578,539,652,616,575,654
207,1398,1360,3008,1436,1361,1359,1397,1322,1399,1474
208,377,378,414,375,376,416,415,2935,339,453
209,588,550,551,626,625,513,549,587,589,627
210,56,55,58,53,57,54,19,94,59,60
211,2059,2060,2058,2097,2136,2021,2098,2096,2022,1983
212,69,29,70,72,68,34,67,27,31,104
213,478,479,439,441,403,515,440,401,516,477
214,339,376,338,263,2935,301,378,337,377,299
215,1193,1231,1155,1192,1194,1230,1232,3035,1270,1154
216,1927,1889,1928,1965,1966,2998,1964,1851,1926,1890
217,1793,1831,3005,1832,3022,1794,1755,1830,1870,1869
218,491,490,529,568,492,528,530,453,567,606
219,175,174,214,213,176,101,2973,212,173,135
220,1395,1357,1433,1432,1394,1396,1434,1358,1471,1319
221,1746,1708,1784,1745,1707,1747,2956,1822,1709,1783
222,416,415,379,378,377,341,454,417,453,414
223,1721,1759,2952,1683,1760,1758,1720,1797,1796,1645
224,416,415,379,378,377,341,454,417,453,414
225,314,315,313,351,352,275,276,316,350,312
226,226,187,264,225,262,300,189,185,302,188
227,1079,1117,1041,1078,1116,1080,1118,1154,1155,1040
228,491,490,529,568,492,528,530,453,567,606
229,1372,1334,1410,1371,1333,2951,1295,1296,1335,1409
230,2238,2199,2237,2276,2200,3001,2275,2274,2161,2198
231,473,472,474,435,511,510,548,434,471,512
232,66,26,29,68,28,23,27,25,32,62
233,1877,1915,1839,1876,1878,1916,1914,1838,1801,1954
234,851,813,889,850,890,888,852,814,928,926
235,661,623,662,700,624,699,698,622,585,663
236,2635,2634,2636,2672,2982,2597,2939,2674,2633,2710
237,1865,1827,1903,1866,1904,1902,1864,1828,1941,1789
238,1285,1247,1323,1322,1324,1286,1284,1209,1361,1246
239,1134,1172,1096,1135,1095,1097,2963,1133,1210,1058
240,148,149,224,186,151,2957,113,111,188,146
241,1713,1675,1751,1752,1750,1712,1714,1676,1637,1789
242,1682,1644,1720,1681,1683,1643,1605,1645,1606,1719
243,327,328,289,326,2995,291,3009,366,365,329
244,1746,1708,1784,1745,1707,1747,2956,1822,1709,1783
245,640,678,565,641,564,603,602,527,639,679
246,1007,969,1045,1044,1006,1008,1046,968,1082,970
247,2543,2542,2929,2580,2505,2618,2468,2544,2503,2467
248,416,415,379,378,377,341,454,417,453,414
249,1105,1143,1067,1144,1104,1142,1106,1182,1181,1029
250,1561,1599,1523,1562,1560,1600,1598,1637,1638,1636
251,1389,1427,1351,1428,1388,1390,1426,1465,1313,1466
252,643,682,680,642,719,681,605,603,718,2938
253,1746,1708,1784,1745,1707,1747,2956,1822,1709,1783
254,1047,1009,1085,1084,1086,1048,1046,971,1008,1010
255,1043,1081,1005,1042,1044,1082,1080,1119,1006,1118
256,947,909,985,948,984,946,986,910,1023,871
257,1764,1726,1802,1763,1725,1727,1765,1687,1688,1801
258,932,894,970,931,895,893,933,969,857,855
259,1480,1442,1518,1479,1556,1404,1441,1481,1443,1405
260,1610,1648,1572,1571,1573,1611,1609,1649,1535,1534
261,1036,1074,998,999,1035,1037,997,1112,1073,960
262,1009,1047,971,1010,1048,1008,1046,933,1086,1084
263,1658,1620,1696,1659,1619,1657,1621,1697,1582,1734
264,69,29,70,72,68,34,67,27,31,104
265,1844,1882,1806,1805,1843,1767,1845,1807,1881,1768
266,1775,1813,2945,2980,2947,1814,1850,1812,1851,1737
267,1020,982,1058,1019,983,1021,981,945,944,1096
268,66,26,29,68,28,23,27,25,32,62
269,1093,1055,1131,1132,1130,1092,1056,1170,1094,1017
270,1257,1219,1295,1296,1258,1294,1256,1220,1181,1334
271,1743,1705,1781,1780,1782,1744,1742,1706,1819,1667
272,1670,1632,1669,1708,2956,1631,2996,1707,2989,1746
273,661,623,662,700,624,699,698,622,585,663
274,1229,1228,1266,1191,1267,1268,1304,1190,1153,1230
275,2056,2017,2055,2094,2018,2057,2054,2132,1979,2133
276,1675,1713,1637,1674,1712,1676,1714,1599,1751,1750
277,588,550,551,626,625,513,549,587,589,627
278,408,369,371,407,446,409,406,370,483,372
279,2561,2598,2600,2562,2524,2523,2599,2560,2563,2485
280,555,556,592,593,632,518,517,594,554,519
281,1134,1172,1096,1135,1095,1097,2963,1133,1210,1058
282,416,415,379,378,377,341,454,417,453,414
283,1004,966,1042,967,1003,1005,965,1043,1080,1041
284,855,893,817,854,894,892,856,816,931,930
285,1631,1593,1669,1668,1670,1632,1630,2989,1707,1706
286,599,636,600,638,637,561,674,598,601,562
287,1115,1153,1077,1152,1116,1114,1154,1190,1191,1192
288,1173,1135,1211,1212,1174,1172,1210,1136,1250,1249
289,384,2978,385,347,383,386,346,382,345,420
290,1865,1827,1903,1866,1904,1902,1864,1828,1941,1789
291,1618,1580,1656,1579,1617,1619,1581,1694,1542,1541
292,283,322,282,320,246,284,245,281,321,285
293,1232,1270,1194,1195,1233,1231,1193,1271,1269,1155
294,1105,1143,1067,1144,1104,1142,1106,1182,1181,1029
295,971,933,1009,1008,1010,970,972,934,895,1047
296,588,550,551,626,625,513,549,587,589,627
297,1295,1333,1257,1294,1334,1296,1372,1332,1256,1371
298,1746,1708,1784,1745,1707,1747,2956,1822,1709,1783
299,2951,1335,1373,1410,3039,1372,1334,1374,1297,1411
300,2467,2468,2429,2542,2504,2930,2431,2505,2430,2543
301,1692,1730,1654,1691,1653,1655,1693,1768,1729,1615
302,1610,1648,1572,1571,1573,1611,1609,1649,1535,1534
303,451,489,488,452,450,528,490,449,566,526
304,416,415,379,378,377,341,454,417,453,414
305,555,556,592,593,632,518,517,594,554,519
306,1462,1424,1500,1463,1461,1423,1425,1386,1538,1387
307,283,322,282,320,246,284,245,281,321,285
308,339,376,338,263,2935,301,378,337,377,299
309,643,682,680,642,719,681,605,603,718,2938
310,1395,1357,1433,1432,1394,1396,1434,1358,1471,1319
311,2056,2017,2055,2094,2018,2057,2054,2132,1979,2133
312,377,378,414,375,376,416,415,2935,339,453
313,1510,1472,1548,1511,1549,1473,1471,1435,1509,1434
314,1441,1403,1479,1478,1440,1517,1480,1365,1442,1402
315,2163,2125,2162,3001,2201,2239,2087,2200,2202,2950
316,1155,1117,1193,1194,1156,1192,1154,1118,1232,1079
317,1459,1497,1421,1458,1498,1460,1496,1536,1383,1535
318,1194,1232,1156,1155,1193,1195,1157,1270,1231,1233
319,1459,1497,1421,1458,1498,1460,1496,1536,1383,1535
320,1746,1708,1784,1745,1707,1747,2956,1822,1709,1783
321,827,865,789,826,3029,866,864,903,828,902
322,1720,1758,1682,1683,1681,1721,1719,1757,1796,1644
323,2288,2289,2287,2251,2249,2326,2250,2290,2286,2213
324,2163,2125,2162,3001,2201,2239,2087,2200,2202,2950
325,1155,1117,1193,1194,1156,1192,1154,1118,1232,1079
326,1717,1755,1679,1718,1716,1754,3005,1756,1641,1680
327,1035,1073,997,1036,1074,1034,1072,998,1112,959
328,1257,1219,1295,1296,1258,1294,1256,1220,1181,1334
329,1083,1045,1121,1122,1120,1082,1084,1046,1044,1159
330,415,416,453,454,492,414,377,379,417,378
331,643,682,680,642,719,681,605,603,718,2938
332,69,29,70,72,68,34,67,27,31,104
333,1338,1300,1376,1339,2988,1301,1299,1263,1337,1414
334,791,790,753,829,792,828,830,715,754,789
335,1955,1994,1917,1993,1992,1956,2946,1954,2031,2032
336,661,623,662,700,624,699,698,622,585,663
337,416,415,379,378,377,341,454,417,453,414
338,1910,1948,1872,1909,1873,1871,1911,1947,1986,1833
339,1134,1172,1096,1135,1095,1097,2963,1133,1210,1058
340,339,376,338,263,2935,301,378,337,377,299
341,2056,2017,2055,2094,2018,2057,2054,2132,1979,2133
342,1123,1085,1161,1160,1162,1122,1124,1086,1084,1199
343,1657,1619,1695,1696,1694,1658,1656,1734,1581,1733
344,1746,1708,1784,1745,1707,1747,2956,1822,1709,1783
345,695,696,657,732,733,734,694,658,697,659
346,226,187,264,225,262,300,189,185,302,188
347,1273,1311,1235,1274,1312,1272,1350,1310,1236,1349
348,1670,1632,1669,1708,2956,1631,2996,1707,2989,1746
349,371,408,372,409,370,333,369,446,410,331
350,1237,1275,1199,1274,1238,1236,1276,1312,1161,1200
351,703,704,665,740,741,742,702,667,780,778
352,1314,1352,1276,1275,1277,1313,1315,1390,1351,1238
353,1116,1154,1078,1077,1115,1079,1117,1192,1153,1039
354,668,630,706,629,705,667,591,669,666,593
355,1344,1306,1382,1345,1305,1343,1307,3035,1383,1420
356,1746,1708,1784,1745,1707,1747,2956,1822,1709,1783
357,947,909,985,948,984,946,986,910,1023,871
358,473,472,474,435,511,510,548,434,471,512
359,258,219,260,259,221,220,257,294,298,217
360,555,556,592,593,632,518,517,594,554,519
361,616,578,617,579,615,541,618,654,540,577
362,2693,2655,2692,2730,2770,2732,2654,2729,2731,2691
363,185,2957,262,187,222,223,224,184,226,300
364,377,378,414,375,376,416,415,2935,339,453
365,1783,1821,1745,1784,1820,1859,1782,1746,1707,1858
366,109,107,112,147,111,31,110,2933,108,144
367,1497,1459,1535,1536,1534,1496,1498,1421,1458,1573
368,1657,1619,1695,1696,1694,1658,1656,1734,1581,1733
369,1479,1441,1517,1480,1518,1478,1556,1403,1555,1516
370,643,682,680,642,719,681,605,603,718,2938
371,377,378,414,375,376,416,415,2935,339,453
372,1979,2017,1980,1941,1978,2016,2018,1942,2054,2056
373,1159,1121,1197,1196,1158,1198,1160,1120,1235,1236
374,599,636,600,638,637,561,674,598,601,562
375,1720,1758,1682,1683,1681,1721,1719,1757,1796,1644
376,1743,1705,1781,1780,1782,1744,1742,1706,1819,1667
377,377,378,414,375,376,416,415,2935,339,453
378,1853,1815,1891,1854,1892,1890,1852,1777,1814,1816
379,1043,1081,1005,1042,1044,1082,1080,1119,1006,1118
380,1264,1302,1226,1225,1263,2992,1301,1187,1340,1265
381,1079,1117,1041,1078,1116,1080,1118,1154,1155,1040
382,679,716,641,717,718,754,678,680,640,677
383,555,556,592,593,632,518,517,594,554,519
384,643,682,680,642,719,681,605,603,718,2938
385,1720,1758,1682,1683,1681,1721,1719,1757,1796,1644
386,785,2941,747,823,822,824,784,786,709,748
387,1670,1632,1669,1708,2956,1631,2996,1707,2989,1746
388,1094,1132,1056,1057,3025,1095,1133,1170,1093,1055
389,224,148,187,188,2957,151,185,186,189,226
390,714,676,752,675,715,637,713,677,638,639
391,909,947,871,908,946,910,948,984,985,870
392,1117,1079,1155,1154,1118,1116,1156,1192,1080,1193
393,1318,1280,1356,1319,1281,1357,1317,1279,2967,1394
394,377,378,414,375,376,416,415,2935,339,453
395,416,415,379,378,377,341,454,417,453,414
396,1480,1442,1518,1479,1556,1404,1441,1481,1443,1405
397,906,944,868,869,905,867,907,982,945,943
398,1746,1708,1784,1745,1707,1747,2956,1822,1709,1783
399,554,592,553,591,516,517,555,590,630,515
400,1746,1708,1784,1745,1707,1747,2956,1822,1709,1783
401,1541,1579,1503,1578,1540,1542,1580,1616,1502,1465
402,416,415,379,378,377,341,454,417,453,414
403,655,693,656,692,617,654,694,730,618,731
404,1351,1313,1389,1388,1390,1352,1350,1427,1312,1314
405,1725,1763,1687,1724,1762,1764,1726,1801,1686,1649
406,1448,1486,3039,1409,1447,1410,1485,1449,1524,1371
407,1783,1821,1745,1784,1820,1859,1782,1746,1707,1858
408,61,60,100,99,59,58,98,62,64,25
409,1435,1473,1397,1436,1434,1472,1510,1396,1511,1474
410,1388,1426,1350,1351,1349,1389,1387,1313,1312,1427
411,661,623,662,700,624,699,698,622,585,663
412,416,415,379,378,377,341,454,417,453,414
413,1273,1311,1235,1274,1312,1272,1350,1310,1236,1349
414,1746,1708,1784,1745,1707,1747,2956,1822,1709,1783
415,2702,2703,3018,2701,2663,2665,2664,2666,2741,2739
416,502,503,463,540,465,501,541,466,464,542
417,416,415,379,378,377,341,454,417,453,414
418,667,705,704,742,668,666,629,744,743,703
419,376,375,339,337,377,338,378,2935,412,414
420,1083,1045,1121,1122,1120,1082,1084,1046,1044,1159
421,718,680,717,681,756,679,641,643,755,794
422,516,515,517,554,479,553,518,478,477,592
423,1503,1465,1541,1542,1502,1540,1504,1427,1580,1464
424,339,376,338,263,2935,301,378,337,377,299
425,1223,1185,1261,1222,1260,1224,1147,1299,1262,1186
426,1072,1034,1110,1033,1073,2936,1035,1071,996,995
427,2056,2017,2055,2094,2018,2057,2054,2132,1979,2133
428,1618,1580,1656,1579,1617,1619,1581,1694,1542,1541
429,1176,1214,1138,1137,1175,3014,1099,1213,1139,1100
430,1036,1074,998,999,1035,1037,997,1112,1073,960
431,416,415,379,378,377,341,454,417,453,414
432,1360,1322,1398,1321,1359,1361,1284,1323,3008,1283
433,69,29,70,72,68,34,67,27,31,104
434,1691,1729,1653,1692,1690,1728,1730,1768,1615,1654
435,1262,1224,1300,1263,1261,1225,1299,1186,1223,1338
436,1262,1224,1300,1263,1261,1225,1299,1186,1223,1338
437,941,979,903,942,940,978,980,1018,904,1016
438,588,550,551,626,625,513,549,587,589,627
439,643,682,680,642,719,681,605,603,718,2938
440,225,302,300,226,301,264,263,262,265,299
441,1561,1599,1523,1562,1560,1600,1598,1637,1638,1636
442,1657,1619,1695,1696,1694,1658,1656,1734,1581,1733
443,1409,1371,1447,1448,1410,1446,1408,3039,1372,1333
444,566,604,527,528,489,529,565,567,526,451
445,1526,1564,1488,1487,1489,1525,1527,1602,1563,1451
446,661,623,662,700,624,699,698,622,585,663
447,186,146,148,2957,111,184,149,147,224,145
448,1402,1440,1364,1363,1365,1403,1401,1478,1441,1326
449,2179,2216,2141,2217,2218,2140,2178,2180,2254,2255
450,2986,915,877,916,878,954,839,914,953,876
451,1085,1123,1047,1086,1084,1122,1124,1162,1160,1161
452,1214,1176,1252,1213,3014,1175,1215,1177,1290,1138
453,491,490,529,568,492,528,530,453,567,606
454,1720,1758,1682,1683,1681,1721,1719,1757,1796,1644
455,283,322,282,320,246,284,245,281,321,285
456,414,452,377,453,413,375,415,490,416,450
457,628,666,627,629,589,665,590,626,704,551
458,1067,1029,1105,1104,1068,1106,1066,1144,1143,1142
459,1133,2963,1095,1170,1171,1132,1094,2932,1134,1057
460,1266,1304,1229,1228,1227,1265,2992,1342,1267,1303
461,1452,2975,1414,1413,1490,1415,1375,1453,3021,1376
462,467,468,504,429,505,430,2958,506,466,431
463,1266,1304,1229,1228,1227,1265,2992,1342,1267,1303
464,2628,2629,2627,2590,2666,2591,2589,2665,2667,2630
465,185,2957,262,187,222,223,224,184,226,300
466,1734,1696,1772,1733,1735,1695,1697,1657,1658,1771
467,758,757,720,719,796,795,681,2938,756,759
468,994,956,1032,995,993,955,957,917,919,918
469,309,271,272,308,310,307,346,235,269,347
470,1865,1827,1903,1866,1904,1902,1864,1828,1941,1789
471,1502,1464,1540,1503,1501,1465,1463,1427,1578,1426
472,655,693,656,692,617,654,694,730,618,731
473,1159,1121,1197,1196,1158,1198,1160,1120,1235,1236
474,1098,1136,1060,1059,1099,1061,1097,1174,1137,1021
475,807,845,769,806,808,844,846,882,770,884
476,314,315,313,351,352,275,276,316,350,312
477,1050,1088,1012,1011,1049,1051,1013,973,1126,1087
478,314,315,313,351,352,275,276,316,350,312
479,1892,1930,1854,1853,1893,1891,1855,1968,1931,1929
480,1395,1357,1433,1432,1394,1396,1434,1358,1471,1319
481,1299,1261,2988,1298,1300,1336,1260,1337,1262,1338
482,339,376,338,263,2935,301,378,337,377,299
483,20,17,23,18,15,21,24,22,26,19
484,1299,1261,2988,1298,1300,1336,1260,1337,1262,1338
485,1746,1708,1784,1745,1707,1747,2956,1822,1709,1783
486,247,286,284,285,324,248,322,249,209,287
487,567,529,605,604,606,642,568,644,566,491
488,1083,1045,1121,1122,1120,1082,1084,1046,1044,1159
489,1211,1249,1173,1210,1248,1250,1212,1172,1287,1288
490,537,499,574,538,575,536,576,500,612,535
491,1593,1631,2944,1630,2989,1632,1592,1555,1668,1554
492,1934,1972,1896,1897,1935,3027,1895,1858,1859,1973
493,2290,2251,2253,2328,2289,2252,2979,2972,2288,2214
494,1298,1336,1260,1299,1259,1297,1261,1335,2988,1374
495,616,578,617,579,615,541,618,654,540,577
496,639,678,676,677,602,601,716,638,640,714
497,2591,2590,2592,2553,2629,2630,2628,2552,2554,2593
498,2978,384,345,346,382,347,383,420,344,385
499,548,511,510,586,547,549,473,550,509,472
500,1300,1338,1262,1263,1299,1301,2988,1261,1376,1339
501,1303,1265,1341,1340,1342,1302,2992,2949,1379,1378
502,226,187,264,225,262,300,189,185,302,188
503,202,201,203,164,163,204,241,200,240,3012
504,376,375,339,337,377,338,378,2935,412,414
505,1757,1795,1719,1796,1758,1756,1794,1834,1720,1681
506,1746,1708,1784,1745,1707,1747,2956,1822,1709,1783
507,1130,1092,1168,1131,1093,1091,1129,1055,1054,1167
508,1345,1383,1307,1344,1384,1382,1346,1421,1420,1269
509,1183,1221,1182,1145,1220,1184,1258,1222,1144,1259
510,1568,1606,1530,1529,1569,1491,1567,1531,1492,1644
511,478,479,439,441,403,515,440,401,516,477
512,1910,1948,1872,1909,1873,1871,1911,1947,1986,1833
513,1039,1001,1077,1078,1076,1040,1038,1114,963,1002
514,1338,1300,1376,1339,2988,1301,1299,1263,1337,1414
515,1865,1827,1903,1866,1904,1902,1864,1828,1941,1789
516,350,388,351,349,313,389,3032,387,314,390
517,1193,1231,1155,1192,1194,1230,1232,3035,1270,1154
518,416,415,379,378,377,341,454,417,453,414
519,339,376,338,263,2935,301,378,337,377,299
520,612,613,650,573,575,574,611,614,535,688
521,1624,1662,1586,1623,1625,1585,1587,1661,1700,1549
522,666,628,629,704,667,627,590,591,668,665
523,542,2958,541,503,580,504,579,543,540,502
524,1979,2017,1980,1941,1978,2016,2018,1942,2054,2056
525,416,415,379,378,377,341,454,417,453,414
526,1083,1045,1121,1122,1120,1082,1084,1046,1044,1159
527,933,971,895,934,970,932,972,1009,896,1008
528,225,302,300,226,301,264,263,262,265,299
529,1548,1510,1549,1586,1547,1509,1585,1472,1511,1471
530,363,364,400,402,362,361,401,440,325,2995
531,1043,1081,1005,1042,1044,1082,1080,1119,1006,1118
532,1423,1461,1385,1460,1462,1424,1422,1499,1347,1498
533,785,2941,747,823,822,824,784,786,709,748
534,1541,1579,1503,1578,1540,1542,1580,1616,1502,1465
535,1512,1550,1474,1473,2962,1511,1475,1588,1436,1513
536,472,473,471,433,510,434,435,474,470,548
537,1154,1192,1116,1117,1155,1153,1115,1079,1191,1193
538,1789,1751,1827,1826,1828,1790,1788,1713,1752,1864
539,703,704,665,740,741,742,702,667,780,778
540,1038,1076,1000,1037,999,1001,1039,961,1114,1075
541,1409,1371,1447,1448,1410,1446,1408,3039,1372,1333
542,1865,1827,1903,1866,1904,1902,1864,1828,1941,1789
543,2857,2856,2858,2821,2855,2819,2854,2860,2859,2953
544,1295,1333,1257,1294,1334,1296,1372,1332,1256,1371
545,185,2957,262,187,222,223,224,184,226,300
546,1580,1542,1618,1541,1579,1581,1543,1504,1505,1656
547,202,201,203,164,163,204,241,200,240,3012
548,947,909,985,948,984,946,986,910,1023,871
549,2666,2665,2667,2704,2703,2628,2629,2627,2706,2702
550,1257,1219,1295,1296,1258,1294,1256,1220,1181,1334
551,1155,1117,1193,1194,1156,1192,1154,1118,1232,1079
552,1955,1994,1917,1993,1992,1956,2946,1954,2031,2032
553,1360,1322,1398,1321,1359,1361,1284,1323,3008,1283
554,1437,1475,3008,1399,1476,1438,1474,1513,1514,1361
555,1043,1081,1005,1042,1044,1082,1080,1119,1006,1118
556,1130,1092,1168,1131,1093,1091,1129,1055,1054,1167
557,937,975,899,938,936,974,976,900,861,1014
558,2978,384,345,346,382,347,383,420,344,385
559,982,1020,944,981,943,1019,945,983,906,1058
560,416,415,379,378,377,341,454,417,453,414
561,69,29,70,72,68,34,67,27,31,104
562,555,556,592,593,632,518,517,594,554,519
563,1015,977,1053,1054,1052,1014,1016,1091,976,1092
564,2604,2567,2566,2605,2642,2565,2603,2643,2606,2602
565,1895,1933,1857,1896,1894,1972,1934,1971,1819,1970
566,416,415,379,378,377,341,454,417,453,414
567,1137,1099,1175,1176,1174,1136,1138,1098,1061,1212
568,1568,1606,1530,1529,1569,1491,1567,1531,1492,1644
569,1409,1371,1447,1448,1410,1446,1408,3039,1372,1333
570,1722,1685,1760,1723,2952,1761,1684,1798,1647,1721
571,334,333,335,373,295,372,296,332,374,370
572,714,676,752,675,715,637,713,677,638,639
573,243,280,244,242,245,282,281,279,207,241
574,1232,1270,1194,1195,1233,1231,1193,1271,1269,1155
575,1051,1013,1089,1088,1090,1050,1052,1012,1014,975
576,1555,1517,2989,2944,1556,2970,1593,1479,1554,1518
577,1388,1426,1350,1351,1349,1389,1387,1313,1312,1427
578,1213,1175,1251,1214,1252,1290,1250,1212,1176,1289
579,1071,1033,1110,1108,1109,1070,1032,1146,1072,995
580,1657,1619,1695,1696,1694,1658,1656,1734,1581,1733
581,850,812,888,851,813,849,775,811,889,774
582,634,672,597,635,595,596,673,598,559,710
583,747,748,785,709,786,2941,824,671,749,710
584,283,322,282,320,246,284,245,281,321,285
585,462,423,500,463,425,464,461,426,499,424
586,48,2928,50,2981,2976,49,8,45,10,86
587,2597,2939,2596,2634,2559,2635,2636,2560,2598,2599
588,1344,1306,1382,1345,1305,1343,1307,3035,1383,1420
589,668,630,706,629,705,667,591,669,666,593
590,1555,1517,2989,2944,1556,2970,1593,1479,1554,1518
591,2236,2274,2159,2235,2198,2197,2160,2199,2273,2237
592,2631,2632,2668,2670,2593,2630,2669,2633,2594,2671
593,711,712,749,673,635,750,748,788,710,713
594,1397,1359,1435,1436,1396,3004,1434,1398,1473,1321
595,1195,1157,1233,1194,1196,1232,1234,1271,1156,1158
596,1409,1371,1447,1448,1410,1446,1408,3039,1372,1333
597,1806,1768,1844,1767,1807,1769,1805,1845,1882,1730
598,1913,2997,1950,2971,1875,1951,1912,1914,1988,1837
599,2988,1337,1299,1338,1336,1376,1300,1375,1261,1298
600,931,969,893,932,970,930,968,894,855,1007
601,909,947,871,908,946,910,948,984,985,870
602,1387,1349,1425,1424,1426,1386,1388,1348,1311,1463
603,1423,1461,1385,1460,1462,1424,1422,1499,1347,1498
604,2747,2746,2748,2786,2709,2708,2784,2711,2744,2707
605,1951,1989,2997,1990,1913,1988,1950,2026,1952,2066
606,225,302,300,226,301,264,263,262,265,299
607,2056,2017,2055,2094,2018,2057,2054,2132,1979,2133
608,1722,1685,1760,1723,2952,1761,1684,1798,1647,1721
609,1143,1181,1105,1142,1180,1182,1144,1219,1218,1104
610,135,134,174,2973,133,97,173,170,175,176
611,184,183,2957,222,146,221,186,185,145,181
612,1113,1075,1151,1150,1112,1152,1114,1111,1037,1074
613,186,146,148,2957,111,184,149,147,224,145
614,2561,2598,2600,2562,2524,2523,2599,2560,2563,2485
615,416,415,379,378,377,341,454,417,453,414
616,1273,1311,1235,1274,1312,1272,1350,1310,1236,1349
617,1009,1047,971,1010,1048,1008,1046,933,1086,1084
618,822,784,860,823,785,821,2941,861,783,824
619,1176,1214,1138,1137,1175,3014,1099,1213,1139,1100
620,1235,1197,1273,1272,1236,1234,1274,1311,1310,1196
621,1924,1886,1962,1923,1887,1925,1885,2000,1849,1848
622,1936,1898,1974,1935,1897,1899,1937,2012,1973,1860
623,351,352,350,389,390,313,314,388,315,353
624,2579,2616,2618,2578,2580,2656,2541,2577,2581,2543
625,1399,1361,1438,1437,1400,3008,1323,1362,1476,1398
626,1155,1117,1193,1194,1156,1192,1154,1118,1232,1079
627,453,415,492,490,414,452,491,454,416,377
628,1746,1708,1784,1745,1707,1747,2956,1822,1709,1783
629,1134,1172,1096,1135,1095,1097,2963,1133,1210,1058
630,947,909,985,948,984,946,986,910,1023,871
631,1746,1708,1784,1745,1707,1747,2956,1822,1709,1783
632,1300,1338,1262,1263,1299,1301,2988,1261,1376,1339
633,1295,1333,1257,1294,1334,1296,1372,1332,1256,1371
634,175,174,214,213,176,101,2973,212,173,135
635,969,1007,931,970,968,1008,1006,930,1046,1044
636,48,2928,50,2981,2976,49,8,45,10,86
637,339,376,338,263,2935,301,378,337,377,299
638,478,479,439,441,403,515,440,401,516,477
639,1814,2947,1852,1815,1776,1777,1775,1813,1890,2945
640,1176,1214,1138,1137,1175,3014,1099,1213,1139,1100
641,1746,1708,1784,1745,1707,1747,2956,1822,1709,1783
642,1936,1898,1974,1935,1897,1899,1937,2012,1973,1860
643,1436,1474,1397,1398,1435,3008,1473,1359,1512,1360
644,1913,2997,1950,2971,1875,1951,1912,1914,1988,1837
645,1172,1210,1134,1135,2963,1173,1211,1248,1171,1097
646,1955,1994,1917,1993,1992,1956,2946,1954,2031,2032
647,947,909,985,948,984,946,986,910,1023,871
648,1746,1708,1784,1745,1707,1747,2956,1822,1709,1783
649,416,415,379,378,377,341,454,417,453,414
650,823,861,824,822,785,862,860,784,786,899
651,491,490,529,568,492,528,530,453,567,606
652,616,578,617,579,615,541,618,654,540,577
653,718,680,717,681,756,679,641,643,755,794
654,180,143,103,142,141,182,106,65,102,105
655,1585,1547,1623,1586,1622,1624,1548,1584,1509,1661
656,1844,1882,1806,1805,1843,1767,1845,1807,1881,1768
657,416,415,379,378,377,341,454,417,453,414
658,2604,2567,2566,2605,2642,2565,2603,2643,2606,2602
659,700,699,738,661,663,662,701,737,736,698
660,1452,2975,1414,1413,1490,1415,1375,1453,3021,1376
661,1194,1232,1156,1155,1193,1195,1157,1270,1231,1233
662,1154,1192,1116,1117,1155,1153,1115,1079,1191,1193
663,1746,1708,1784,1745,1707,1747,2956,1822,1709,1783
664,1720,1758,1682,1683,1681,1721,1719,1757,1796,1644
665,1083,1045,1121,1122,1120,1082,1084,1046,1044,1159
666,643,682,680,642,719,681,605,603,718,2938
667,969,1007,931,970,968,1008,1006,930,1046,1044
668,416,415,379,378,377,341,454,417,453,414
669,1746,1708,1784,1745,1707,1747,2956,1822,1709,1783
670,1338,1300,1376,1339,2988,1301,1299,1263,1337,1414
671,1780,1742,1818,1781,1743,1779,1856,1741,1704,1705
672,643,682,680,642,719,681,605,603,718,2938
673,1409,1371,1447,1448,1410,1446,1408,3039,1372,1333
674,177,178,252,139,216,214,179,140,215,213
675,1479,1441,1517,1480,1518,1478,1556,1403,1555,1516
676,226,187,264,225,262,300,189,185,302,188
677,1775,1813,2945,2980,2947,1814,1850,1812,1851,1737
678,2693,2655,2692,2730,2770,2732,2654,2729,2731,2691
679,416,415,379,378,377,341,454,417,453,414
680,416,415,379,378,377,341,454,417,453,414
681,1214,1176,1252,1213,3014,1175,1215,1177,1290,1138
682,970,1008,932,931,969,971,933,1046,895,1007
683,807,845,769,806,808,844,846,882,770,884
684,1350,1388,1312,1349,1311,1313,1273,1351,1274,1426
685,2604,2567,2566,2605,2642,2565,2603,2643,2606,2602
686,851,813,889,850,890,888,852,814,928,926
687,1300,1338,1262,1263,1299,1301,2988,1261,1376,1339
688,600,599,563,561,562,601,638,636,524,525
689,301,299,300,263,225,339,338,261,302,2935
690,416,415,379,378,377,341,454,417,453,414
691,947,909,985,948,984,946,986,910,1023,871
692,947,909,985,948,984,946,986,910,1023,871
693,501,538,540,463,539,500,502,576,541,578
694,628,666,627,629,589,665,590,626,704,551
695,1156,1118,1194,1157,1155,1119,1117,1195,1080,1081
696,107,109,31,144,70,110,71,147,112,106
697,855,893,817,854,894,892,856,816,931,930
698,904,866,942,905,903,867,865,941,828,980
699,817,779,855,818,856,816,854,894,893,780
700,596,558,559,595,520,557,634,672,598,597
701,1722,1685,1760,1723,2952,1761,1684,1798,1647,1721
702,567,529,605,604,606,642,568,644,566,491
703,3001,2239,2200,2163,2276,2238,2162,2201,2199,2277
704,398,397,323,361,360,399,359,436,321,362
705,887,849,925,888,926,886,924,964,962,811
706,241,240,242,203,202,280,279,239,201,205
707,2640,2601,2641,2602,2603,2563,2678,2639,2638,2642
708,54,52,19,51,17,56,58,21,55,60
709,1115,1153,1077,1152,1116,1114,1154,1190,1191,1192
710,974,936,1012,975,973,937,935,1013,899,898
711,1552,1590,1514,1513,1551,1515,1553,1476,1591,1628
712,1936,1898,1974,1935,1897,1899,1937,2012,1973,1860
713,186,146,148,2957,111,184,149,147,224,145
714,109,107,112,147,111,31,110,2933,108,144
715,1087,1049,1125,1124,1126,1086,1088,1048,1050,1164
716,1327,1365,1289,1328,1326,1364,1366,1403,1404,1402
717,1166,2977,1204,1129,1205,1167,1128,1242,1165,1091
718,243,280,244,242,245,282,281,279,207,241
719,175,174,214,213,176,101,2973,212,173,135
720,1720,1758,1682,1683,1681,1721,1719,1757,1796,1644
721,31,70,107,71,106,109,72,67,105,144
722,1943,1981,1905,1944,1982,1942,1980,2020,1906,1867
723,667,705,704,742,668,666,629,744,743,703
724,2056,2017,2055,2094,2018,2057,2054,2132,1979,2133
725,109,107,112,147,111,31,110,2933,108,144
726,1545,1507,1583,1582,1584,1546,1544,1469,1508,1621
727,2056,2017,2055,2094,2018,2057,2054,2132,1979,2133
728,1670,1632,1669,1708,2956,1631,2996,1707,2989,1746
729,735,774,697,2955,773,772,736,812,734,659
730,1260,1298,1222,1223,1259,1261,1221,1299,1336,1297
731,2935,378,340,263,339,341,379,376,377,416
732,416,415,379,378,377,341,454,417,453,414
733,655,693,656,692,617,654,694,730,618,731
734,375,376,412,377,413,337,414,378,452,374
735,1081,1043,1119,1118,1082,1080,1120,1042,1005,1158
736,219,258,217,256,220,294,257,179,260,221
737,2196,2157,2197,2158,2234,2159,2119,2195,2121,2120
738,1130,1092,1168,1131,1093,1091,1129,1055,1054,1167
739,890,928,852,889,851,891,853,929,813,927
740,1982,2020,1944,1945,1943,2021,1983,1981,2019,1906
741,359,397,358,396,321,360,434,398,357,435
742,661,623,662,700,624,699,698,622,585,663
743,186,146,148,2957,111,184,149,147,224,145
744,1155,1117,1193,1194,1156,1192,1154,1118,1232,1079
745,48,2928,50,2981,2976,49,8,45,10,86
746,176,101,2973,137,175,63,136,102,174,97
747,1548,1510,1549,1586,1547,1509,1585,1472,1511,1471
748,790,791,828,789,752,751,715,753,829,866
749,416,415,379,378,377,341,454,417,453,414
750,1362,1400,1324,1325,1323,1363,1399,1287,1361,1286
751,1072,1034,1110,1033,1073,2936,1035,1071,996,995
752,1005,1043,967,1006,1004,1042,1044,1081,1080,968
753,715,752,753,677,714,790,676,791,754,751
754,1257,1219,1295,1296,1258,1294,1256,1220,1181,1334
755,175,174,214,213,176,101,2973,212,173,135
756,326,2995,325,364,287,327,289,288,328,362
757,416,415,379,378,377,341,454,417,453,414
758,758,757,720,719,796,795,681,2938,756,759
759,1059,1021,1097,1098,1060,1058,1136,1096,1022,1135
760,416,415,379,378,377,341,454,417,453,414
761,1438,1476,1400,1399,1401,1437,1439,1514,1477,1362
762,1452,2975,1414,1413,1490,1415,1375,1453,3021,1376
763,906,944,868,869,905,867,907,982,945,943
764,1474,1436,1512,1475,3008,1473,1437,1550,1435,1398
765,1326,1288,1364,1289,1327,1325,1287,1251,1250,1249
766,1235,1197,1273,1272,1236,1234,1274,1311,1310,1196
767,1691,1729,1653,1692,1690,1728,1730,1768,1615,1654
768,1552,1590,1514,1513,1551,1515,1553,1476,1591,1628
769,1342,2949,1304,1305,1303,1343,1265,1266,1380,1341
770,2056,2017,2055,2094,2018,2057,2054,2132,1979,2133
771,69,29,70,72,68,34,67,27,31,104
772,785,2941,747,823,822,824,784,786,709,748
773,1746,1708,1784,1745,1707,1747,2956,1822,1709,1783
774,536,574,535,497,537,499,498,496,534,459
775,1479,1441,1517,1480,1518,1478,1556,1403,1555,1516
776,206,208,205,169,244,167,207,170,168,204
777,1479,1441,1517,1480,1518,1478,1556,1403,1555,1516
778,1702,1740,1664,1663,1701,1665,1703,1626,1739,1625
779,1454,1416,1492,1455,1417,1453,1415,1379,1493,1530
780,947,909,985,948,984,946,986,910,1023,871
781,2108,2107,2070,2069,2109,2031,2146,2071,2145,2032
782,1130,1092,1168,1131,1093,1091,1129,1055,1054,1167
783,746,708,745,2941,707,669,709,784,670,706
784,1229,1228,1266,1191,1267,1268,1304,1190,1153,1230
785,1327,1365,1289,1328,1326,1364,1366,1403,1404,1402
786,1081,1043,1119,1118,1082,1080,1120,1042,1005,1158
787,666,628,629,704,667,627,590,591,668,665
788,1746,1708,1784,1745,1707,1747,2956,1822,1709,1783
789,17,15,20,52,21,54,19,18,23,13
790,1647,1685,1609,1648,1686,1684,1646,1722,1571,1608
791,147,111,108,109,146,145,144,112,186,107
792,2693,2655,2692,2730,2770,2732,2654,2729,2731,2691
793,1257,1219,1295,1296,1258,1294,1256,1220,1181,1334
794,1183,1221,1182,1145,1220,1184,1258,1222,1144,1259
795,1083,1045,1121,1122,1120,1082,1084,1046,1044,1159
796,1110,1109,1071,1072,2936,1033,1148,3007,1146,1073
797,1670,1632,1669,1708,2956,1631,2996,1707,2989,1746
798,416,415,379,378,377,341,454,417,453,414
799,1865,1827,1903,1866,1904,1902,1864,1828,1941,1789
800,3025,1056,981,1018,1019,1057,980,1094,943,1017
801,1197,1235,1159,1236,1198,1196,1234,1121,1272,1274
802,69,29,70,72,68,34,67,27,31,104
803,1868,1906,1830,1831,1829,1867,1869,1791,1905,1944
804,1936,1898,1974,1935,1897,1899,1937,2012,1973,1860
805,969,1007,931,970,968,1008,1006,930,1046,1044
806,1884,1846,1922,1883,1845,1885,1847,1807,1960,1808
807,1262,1224,1300,1263,1261,1225,1299,1186,1223,1338
808,1479,1441,1517,1480,1518,1478,1556,1403,1555,1516
809,416,415,379,378,377,341,454,417,453,414
810,1570,1608,1532,1533,1571,1531,1569,1609,1494,1646
811,1746,1708,1784,1745,1707,1747,2956,1822,1709,1783
812,444,3017,405,443,406,442,407,481,367,445
813,1035,1073,997,1036,1074,1034,1072,998,1112,959
814,1130,1092,1168,1131,1093,1091,1129,1055,1054,1167
815,1720,1758,1682,1683,1681,1721,1719,1757,1796,1644
816,31,70,107,71,106,109,72,67,105,144
817,583,584,622,621,545,3033,546,660,582,623
818,1001,1039,963,1000,1038,1040,1002,1076,1077,1078
819,1237,1275,1199,1274,1238,1236,1276,1312,1161,1200
820,326,2995,325,364,287,327,289,288,328,362
821,1768,1730,1806,1729,1767,1769,1731,1692,1691,1844
822,2124,2087,2048,2086,2950,2162,2049,2011,2126,2047
823,1555,1517,2989,2944,1556,2970,1593,1479,1554,1518
824,536,574,535,497,537,499,498,496,534,459
825,1099,1061,1137,1138,1098,1100,1136,1176,1060,1023
826,1083,1045,1121,1122,1120,1082,1084,1046,1044,1159
827,1262,1224,1300,1263,1261,1225,1299,1186,1223,1338
828,947,909,985,948,984,946,986,910,1023,871
829,891,929,853,892,890,928,930,852,966,854
830,1372,1334,1410,1371,1333,2951,1295,1296,1335,1409
831,716,679,677,754,678,639,641,753,717,676
832,1237,1275,1199,1274,1238,1236,1276,1312,1161,1200
833,1588,1626,2962,1550,1587,1589,1551,1664,1512,1625
834,416,415,379,378,377,341,454,417,453,414
835,1979,2017,1980,1941,1978,2016,2018,1942,2054,2056
836,1865,1827,1903,1866,1904,1902,1864,1828,1941,1789
837,1344,1306,1382,1345,1305,1343,1307,3035,1383,1420
838,1036,1074,998,999,1035,1037,997,1112,1073,960
839,2494,2495,2940,2456,2457,2419,2532,2455,2534,2533
840,3001,2239,2200,2163,2276,2238,2162,2201,2199,2277
841,554,592,553,591,516,517,555,590,630,515
842,2067,2029,2106,2105,2030,2144,2068,2104,1991,2028
843,1746,1708,1784,1745,1707,1747,2956,1822,1709,1783
844,599,636,600,638,637,561,674,598,601,562
845,1602,1564,1640,1601,1603,1563,1565,1526,1678,1527
846,784,822,745,2941,783,785,821,746,860,823
847,909,947,871,908,946,910,948,984,985,870
848,2631,2632,2668,2670,2593,2630,2669,2633,2594,2671
849,555,556,592,593,632,518,517,594,554,519
850,748,749,747,786,710,711,673,709,671,788
851,890,928,852,889,851,891,853,929,813,927
852,1702,1740,1664,1663,1701,1665,1703,1626,1739,1625
853,1746,1708,1784,1745,1707,1747,2956,1822,1709,1783
854,554,592,553,591,516,517,555,590,630,515
855,1865,1827,1903,1866,1904,1902,1864,1828,1941,1789
856,1624,1662,1586,1623,1625,1585,1587,1661,1700,1549
857,947,909,985,948,984,946,986,910,1023,871
858,416,415,379,378,377,341,454,417,453,414
859,1356,1318,1394,1357,1355,1317,1280,1319,1279,1393
860,1248,1286,1210,1211,1209,1249,1247,1324,1172,1171
861,3020,1650,1611,1688,1687,1649,1612,1726,1573,1651
862,1485,1523,1447,1524,1486,1522,1448,1562,1560,1484
863,129,130,166,128,92,168,93,91,127,165
864,1667,1629,1705,1666,1704,1706,1668,1591,1630,1743
865,1713,1675,1751,1752,1750,1712,1714,1676,1637,1789
866,1555,1517,2989,2944,1556,2970,1593,1479,1554,1518
867,491,490,529,568,492,528,530,453,567,606
868,1262,1224,1300,1263,1261,1225,1299,1186,1223,1338
869,283,322,282,320,246,284,245,281,321,285
870,416,415,379,378,377,341,454,417,453,414
871,1746,1708,1784,1745,1707,1747,2956,1822,1709,1783
872,1743,1705,1781,1780,1782,1744,1742,1706,1819,1667
873,1725,1763,1687,1724,1762,1764,1726,1801,1686,1649
874,69,29,70,72,68,34,67,27,31,104
875,2880,2840,2843,2842,2841,2803,2839,2805,2881,2878
876,2694,2617,2655,2656,2619,2657,2616,2654,2732,2693
877,69,29,70,72,68,34,67,27,31,104
878,1181,1143,1219,1220,1182,1180,1218,1257,1105,1144
879,291,329,3009,292,327,328,330,289,253,366
880,332,293,295,333,331,257,330,370,334,294
881,502,503,463,540,465,501,541,466,464,542
882,416,415,379,378,377,341,454,417,453,414
883,980,1018,942,943,981,3025,941,979,904,905
884,2932,1170,1208,1171,1169,1246,1133,1132,2963,1209
885,1250,1212,1288,1251,1249,1211,1213,1173,1174,1175
886,416,415,379,378,377,341,454,417,453,414
887,1237,1275,1199,1274,1238,1236,1276,1312,1161,1200
888,933,971,895,934,970,932,972,1009,896,1008
889,1462,1424,1500,1463,1461,1423,1425,1386,1538,1387
890,1096,1058,1134,1095,1097,1057,1019,1059,1135,1020
891,27,25,29,62,104,66,67,64,100,69
892,1858,1896,1820,1821,1859,1819,1897,1857,1934,1783
893,1538,1500,1576,1539,1537,1501,1499,1461,1575,1614
894,107,109,31,144,70,110,71,147,112,106
895,1077,1039,1115,1116,1078,1114,1076,1152,1153,1001
896,226,187,264,225,262,300,189,185,302,188
897,31,70,107,71,106,109,72,67,105,144
898,1072,1034,1110,1033,1073,2936,1035,1071,996,995
899,1795,1833,1757,1832,1834,1794,1796,1870,1756,1872
900,3025,1056,981,1018,1019,1057,980,1094,943,1017
901,554,592,553,591,516,517,555,590,630,515
902,1270,1232,1269,1308,1231,1271,1233,1193,1194,3035
903,558,557,596,520,519,559,595,482,481,594
904,726,727,764,687,3023,689,765,2987,725,688
905,1286,1248,1324,1287,1249,1285,1247,1210,1362,1209
906,491,490,529,568,492,528,530,453,567,606
907,1249,1211,1287,1288,1250,1248,1286,1325,1210,1326
908,819,781,857,820,856,818,858,782,780,894
909,1906,1944,1868,1869,1905,1867,1831,1907,1945,1943
910,757,756,795,758,681,832,794,719,833,796
911,1207,1245,1169,1206,1208,1244,1246,2994,1283,2932
912,790,791,828,789,752,751,715,753,829,866
913,175,174,214,213,176,101,2973,212,173,135
914,554,592,553,591,516,517,555,590,630,515
915,554,592,553,591,516,517,555,590,630,515
916,931,969,893,932,970,930,968,894,855,1007
917,718,680,717,681,756,679,641,643,755,794
918,1360,1322,1398,1321,1359,1361,1284,1323,3008,1283
919,615,654,577,652,578,653,616,617,614,692
920,301,299,300,263,225,339,338,261,302,2935
921,1232,1270,1194,1195,1233,1231,1193,1271,1269,1155
922,498,459,461,497,499,460,536,458,423,537
923,785,2941,747,823,822,824,784,786,709,748
924,753,754,715,791,792,677,790,716,755,752
925,1249,1211,1287,1288,1250,1248,1286,1325,1210,1326
926,1896,1858,1934,1895,1857,1897,1819,1820,1972,1859
927,1682,1644,1720,1681,1683,1643,1605,1645,1606,1719
928,247,286,284,285,324,248,322,249,209,287
929,1746,1708,1784,1745,1707,1747,2956,1822,1709,1783
930,109,107,112,147,111,31,110,2933,108,144
931,554,592,553,591,516,517,555,590,630,515
932,1679,1641,1717,1716,1678,1718,1680,1755,1603,1640
933,616,578,617,579,615,541,618,654,540,577
934,1730,1768,1692,1693,1731,1691,1729,1655,1769,1806
935,416,415,379,378,377,341,454,417,453,414
936,736,699,698,774,2955,737,775,735,700,738
937,1115,1153,1077,1152,1116,1114,1154,1190,1191,1192
938,599,636,600,638,637,561,674,598,601,562
939,1746,1708,1784,1745,1707,1747,2956,1822,1709,1783
940,1307,1269,1345,1346,1344,1306,3035,1384,1308,1383
941,476,477,475,438,401,439,514,437,400,515
942,1591,1629,1553,1590,1592,1628,1630,1667,1552,1666
943,1746,1708,1784,1745,1707,1747,2956,1822,1709,1783
944,1156,1118,1194,1157,1155,1119,1117,1195,1080,1081
945,1355,1317,1393,1392,1356,1354,1394,1279,1431,1430
946,1402,1440,1364,1363,1365,1403,1401,1478,1441,1326
947,567,529,605,604,606,642,568,644,566,491
948,145,146,182,108,183,181,143,147,184,144
949,1582,1620,1544,1583,1545,1543,1581,1507,1658,1621
950,1115,1153,1077,1152,1116,1114,1154,1190,1191,1192
951,1257,1219,1295,1296,1258,1294,1256,1220,1181,1334
952,1315,1277,1353,1316,1354,1352,1314,1278,1391,1392
953,1479,1441,1517,1480,1518,1478,1556,1403,1555,1516
954,1043,1081,1005,1042,1044,1082,1080,1119,1006,1118
955,1237,1275,1199,1274,1238,1236,1276,1312,1161,1200
956,1083,1045,1121,1122,1120,1082,1084,1046,1044,1159
957,241,240,242,203,202,280,279,239,201,205
958,414,452,377,453,413,375,415,490,416,450
959,512,513,511,474,475,550,437,514,473,548
960,1865,1827,1903,1866,1904,1902,1864,1828,1941,1789
961,567,529,605,604,606,642,568,644,566,491
962,109,107,112,147,111,31,110,2933,108,144
963,1720,1758,1682,1683,1681,1721,1719,1757,1796,1644
964,2951,1335,1373,1410,3039,1372,1334,1374,1297,1411
965,1783,1821,1745,1784,1820,1859,1782,1746,1707,1858
966,1585,1547,1623,1586,1622,1624,1548,1584,1509,1661
967,2438,2401,2437,2400,2476,2399,2439,2475,2363,2440
968,558,557,596,520,519,559,595,482,481,594
969,969,1007,931,970,968,1008,1006,930,1046,1044
970,1963,2001,2002,1925,1962,2040,1964,2039,1926,2038
971,1115,1153,1077,1152,1116,1114,1154,1190,1191,1192
972,1935,1973,1897,1936,1934,3027,2012,1974,1898,1859
973,1176,1214,1138,1137,1175,3014,1099,1213,1139,1100
974,1047,1009,1085,1084,1086,1048,1046,971,1008,1010
975,1746,1708,1784,1745,1707,1747,2956,1822,1709,1783
976,1670,1632,1669,1708,2956,1631,2996,1707,2989,1746
977,1479,1441,1517,1480,1518,1478,1556,1403,1555,1516
978,491,490,529,568,492,528,530,453,567,606
979,416,415,379,378,377,341,454,417,453,414
980,1578,1540,1616,1541,1577,1579,1539,1502,1654,1501
981,1582,1620,1544,1583,1545,1543,1581,1507,1658,1621
982,416,415,379,378,377,341,454,417,453,414
983,1955,1994,1917,1993,1992,1956,2946,1954,2031,2032
984,667,705,704,742,668,666,629,744,743,703
985,561,560,562,523,600,598,599,636,559,521
986,1783,1821,1745,1784,1820,1859,1782,1746,1707,1858
987,272,235,273,309,310,311,271,3010,348,312
988,368,331,367,369,329,366,370,406,330,408
989,472,473,471,433,510,434,435,474,470,548
990,291,329,3009,292,327,328,330,289,253,366
991,1555,1517,2989,2944,1556,2970,1593,1479,1554,1518
992,1396,1434,1358,3004,1397,1395,1435,1359,1433,1357
993,81,43,47,82,83,44,80,45,2966,41
994,2543,2542,2929,2580,2505,2618,2468,2544,2503,2467
995,1571,1609,1533,1572,1610,1570,1608,1648,1495,1647
996,1464,1502,1426,1427,1425,1463,1465,1540,1501,1503
997,1865,1827,1903,1866,1904,1902,1864,1828,1941,1789
998,2289,2979,2288,2326,2290,2251,2327,2328,2287,2250
999,890,928,852,889,851,891,853,929,813,927
1000,416,415,379,378,377,341,454,417,453,414
1001,1115,1153,1077,1152,1116,1114,1154,1190,1191,1192
1002,186,146,148,2957,111,184,149,147,224,145
1003,1561,1599,1523,1562,1560,1600,1598,1637,1638,1636
1004,2133,2094,2134,2095,2171,2170,2132,2096,2057,2172
1005,1590,1552,1628,1591,1553,1551,1589,1514,1515,1513
1006,555,556,592,593,632,518,517,594,554,519
1007,1400,1362,1438,1399,1401,1363,1324,1361,1323,1325
1008,1071,1033,1110,1108,1109,1070,1032,1146,1072,995
1009,667,705,704,742,668,666,629,744,743,703
1010,1105,1143,1067,1144,1104,1142,1106,1182,1181,1029
1011,69,29,70,72,68,34,67,27,31,104
1012,1725,1763,1687,1724,1762,1764,1726,1801,1686,1649
1013,1001,1039,963,1000,1038,1040,1002,1076,1077,1078
1014,2680,2681,2679,2717,2643,2642,2718,2641,2720,2716
1015,1249,1211,1287,1288,1250,1248,1286,1325,1210,1326
1016,583,584,622,621,545,3033,546,660,582,623
1017,1652,1690,1614,1613,1651,1653,1615,1689,1728,1576
1018,1567,1529,1605,1604,1606,1568,1566,1491,1643,1642
1019,1865,1827,1903,1866,1904,1902,1864,1828,1941,1789
1020,1930,1968,1892,1893,1891,1931,1969,1929,2006,1967
1021,239,240,238,200,201,277,278,241,199,237
1022,1478,1516,1440,1441,1439,1479,1517,1477,1554,1402
1023,1526,1564,1488,1487,1489,1525,1527,1602,1563,1451
1024,1426,1388,1464,1425,1387,1427,1389,1349,1350,1502
1025,1194,1232,1156,1155,1193,1195,1157,1270,1231,1233
1026,416,415,379,378,377,341,454,417,453,414
1027,1632,2989,1670,2996,1631,1594,1593,2970,2956,1555
1028,818,780,856,817,819,779,781,741,743,857
1029,1571,1609,1533,1572,1610,1570,1608,1648,1495,1647
1030,225,302,300,226,301,264,263,262,265,299
1031,20,17,23,18,15,21,24,22,26,19
1032,339,376,338,263,2935,301,378,337,377,299
1033,301,299,300,263,225,339,338,261,302,2935
1034,1391,1353,1429,1390,1430,1428,1392,1352,1466,1315
1035,1176,1214,1138,1137,1175,3014,1099,1213,1139,1100
1036,339,376,338,263,2935,301,378,337,377,299
1037,2446,2409,2407,2445,2408,2484,2370,2371,2447,2444
1038,257,294,259,295,258,332,219,296,255,293
1039,1930,1968,1892,1893,1891,1931,1969,1929,2006,1967
1040,309,271,272,308,310,307,346,235,269,347
1041,2729,2730,2767,2692,2691,2728,2690,2693,2768,2766
1042,416,415,379,378,377,341,454,417,453,414
1043,1417,1379,1455,1454,1418,1416,1456,1380,1341,1493
1044,643,682,680,642,719,681,605,603,718,2938
1045,175,174,214,213,176,101,2973,212,173,135
1046,2077,2115,2116,2039,2078,2154,2076,2040,2038,2152
1047,1387,1349,1425,1424,1426,1386,1388,1348,1311,1463
1048,1555,1517,2989,2944,1556,2970,1593,1479,1554,1518
1049,1910,1948,1872,1909,1873,1871,1911,1947,1986,1833
1050,1410,3039,1372,2951,1409,1371,1448,1334,1373,1333
1051,383,420,421,422,384,385,382,2978,460,381
1052,752,751,715,714,713,790,675,676,789,753
1053,226,187,264,225,262,300,189,185,302,188
1054,1479,1441,1517,1480,1518,1478,1556,1403,1555,1516
1055,1297,1259,1335,1296,1334,1298,1336,2951,1258,1221
1056,2844,2805,2969,2806,2846,2804,2807,2809,2843,2842
1057,1523,1485,1560,1561,1562,1524,1522,1447,1486,1599
1058,1789,1751,1827,1826,1828,1790,1788,1713,1752,1864
1059,186,146,148,2957,111,184,149,147,224,145
1060,1502,1464,1540,1503,1501,1465,1463,1427,1578,1426
1061,904,866,942,905,903,867,865,941,828,980
1062,300,262,225,261,301,226,299,223,187,263
1063,2100,2061,2062,2138,2099,2101,2023,2098,2176,2024
1064,919,957,881,956,920,918,958,880,994,996
1065,1262,1224,1300,1263,1261,1225,1299,1186,1223,1338
1066,1745,1783,1707,1744,1746,1782,1821,1784,1669,1820
1067,1713,1675,1751,1752,1750,1712,1714,1676,1637,1789
1068,283,322,282,320,246,284,245,281,321,285
1069,473,472,474,435,511,510,548,434,471,512
1070,1326,1288,1364,1289,1327,1325,1287,1251,1250,1249
1071,1282,1320,1244,1283,1281,3004,1245,2994,1243,1319
1072,1230,1268,1192,1191,3035,1231,1193,1267,1154,1153
1073,1176,1214,1138,1137,1175,3014,1099,1213,1139,1100
1074,1626,1664,1588,1589,1627,1587,1625,1702,2962,1665
1075,1118,1080,1156,1117,1081,1119,1079,1155,1042,1157
1076,66,26,29,68,28,23,27,25,32,62
1077,1746,1708,1784,1745,1707,1747,2956,1822,1709,1783
1078,148,149,224,186,151,2957,113,111,188,146
1079,643,682,680,642,719,681,605,603,718,2938
1080,1419,1381,1457,1418,1420,1458,1456,1380,1382,1496
1081,2935,378,340,263,339,341,379,376,377,416
1082,1578,1540,1616,1541,1577,1579,1539,1502,1654,1501
1083,667,705,704,742,668,666,629,744,743,703
1084,252,177,214,213,215,251,216,139,175,212
1085,730,768,692,729,693,731,691,655,767,769
1086,109,107,112,147,111,31,110,2933,108,144
1087,1618,1580,1656,1579,1617,1619,1581,1694,1542,1541
1088,899,861,937,936,898,900,938,862,974,860
1089,361,400,399,362,323,398,363,438,324,436
1090,186,146,148,2957,111,184,149,147,224,145
1091,1468,1506,1430,1429,1431,1467,1469,1393,1544,1392
1092,1420,1382,1458,1383,1419,1381,1421,1345,1496,1344
1093,1085,1123,1047,1086,1084,1122,1124,1162,1160,1161
1094,452,414,490,451,413,450,453,528,3037,488
1095,1746,1708,1784,1745,1707,1747,2956,1822,1709,1783
1096,643,682,680,642,719,681,605,603,718,2938
1097,555,556,592,593,632,518,517,594,554,519
1098,377,378,414,375,376,416,415,2935,339,453
1099,109,107,112,147,111,31,110,2933,108,144
1100,1226,1188,1264,1187,1225,2992,1227,1189,1302,1150
1101,1865,1827,1903,1866,1904,1902,1864,1828,1941,1789
1102,1154,1192,1116,1117,1155,1153,1115,1079,1191,1193
1103,1176,1214,1138,1137,1175,3014,1099,1213,1139,1100
1104,554,592,553,591,516,517,555,590,630,515
1105,1278,1316,1240,1239,1277,1241,1201,1315,1279,1202
1106,1230,1268,1192,1191,3035,1231,1193,1267,1154,1153
1107,2666,2665,2667,2704,2703,2628,2629,2627,2706,2702
1108,2962,1588,1511,1587,1512,1550,1549,1626,1473,1625
1109,1083,1045,1121,1122,1120,1082,1084,1046,1044,1159
1110,1746,1708,1784,1745,1707,1747,2956,1822,1709,1783
1111,1623,1661,1585,1622,1624,1660,1662,1699,1547,1586
1112,667,705,704,742,668,666,629,744,743,703
1113,1296,1334,1258,1257,1295,1297,1259,1372,1220,1335
1114,650,611,612,649,688,613,573,3023,648,651
1115,667,705,704,742,668,666,629,744,743,703
1116,1237,1275,1199,1274,1238,1236,1276,1312,1161,1200
1117,850,812,888,851,813,849,775,811,889,774
1118,416,415,379,378,377,341,454,417,453,414
1119,416,415,379,378,377,341,454,417,453,414
1120,2693,2655,2692,2730,2770,2732,2654,2729,2731,2691
1121,1395,1357,1433,1432,1394,1396,1434,1358,1471,1319
1122,1295,1333,1257,1294,1334,1296,1372,1332,1256,1371
1123,947,909,985,948,984,946,986,910,1023,871
1124,1848,1886,1810,1809,1811,1847,1849,1924,1771,1887
1125,224,148,187,188,2957,151,185,186,189,226
1126,1363,1325,1401,1364,1402,1400,1362,1440,1439,1287
1127,667,705,704,742,668,666,629,744,743,703
1128,1555,1517,2989,2944,1556,2970,1593,1479,1554,1518
1129,1585,1547,1623,1586,1622,1624,1548,1584,1509,1661
1130,328,327,366,291,365,329,2995,404,367,326
1131,86,46,49,88,89,2928,87,47,45,85
1132,1083,1045,1121,1122,1120,1082,1084,1046,1044,1159
1133,1155,1117,1193,1194,1156,1192,1154,1118,1232,1079
1134,655,693,656,692,617,654,694,730,618,731
1135,1764,1726,1802,1763,1725,1727,1765,1687,1688,1801
1136,744,707,705,782,743,706,745,667,781,742
1137,412,411,337,375,374,413,3037,376,373,336
1138,1964,1926,1965,2002,1889,1925,1927,1963,1888,2003
1139,899,861,937,936,898,900,938,862,974,860
1140,601,602,638,600,563,639,676,599,525,564
1141,1745,1783,1707,1744,1746,1782,1821,1784,1669,1820
1142,1300,1338,1262,1263,1299,1301,2988,1261,1376,1339
1143,1868,1906,1830,1831,1829,1867,1869,1791,1905,1944
1144,1072,1034,1110,1033,1073,2936,1035,1071,996,995
1145,1719,1681,1757,1756,1718,1720,1758,1680,1643,1794
1146,1290,1252,1328,1289,1251,1253,1213,1291,1214,1366
1147,416,415,379,378,377,341,454,417,453,414
1148,788,750,749,787,3029,826,711,713,786,748
1149,643,682,680,642,719,681,605,603,718,2938
1150,1195,1157,1233,1194,1196,1232,1234,1271,1156,1158
1151,491,490,529,568,492,528,530,453,567,606
1152,1745,1783,1707,1744,1746,1782,1821,1784,1669,1820
1153,1746,1708,1784,1745,1707,1747,2956,1822,1709,1783
1154,1746,1708,1784,1745,1707,1747,2956,1822,1709,1783
1155,416,415,379,378,377,341,454,417,453,414
1156,805,767,804,843,842,806,766,844,729,2987
1157,1047,1009,1085,1084,1086,1048,1046,971,1008,1010
1158,186,146,148,2957,111,184,149,147,224,145
1159,1936,1898,1974,1935,1897,1899,1937,2012,1973,1860
1160,1652,1690,1614,1613,1651,1653,1615,1689,1728,1576
1161,1865,1827,1903,1866,1904,1902,1864,1828,1941,1789
1162,1746,1708,1784,1745,1707,1747,2956,1822,1709,1783
1163,643,682,680,642,719,681,605,603,718,2938
1164,1262,1224,1300,1263,1261,1225,1299,1186,1223,1338
1165,70,31,67,69,72,107,105,71,104,106
1166,529,567,528,491,604,566,568,606,490,489
1167,1725,1763,1687,1724,1762,1764,1726,1801,1686,1649
1168,1081,1043,1119,1118,1082,1080,1120,1042,1005,1158
1169,1746,1708,1784,1745,1707,1747,2956,1822,1709,1783
1170,1262,1224,1300,1263,1261,1225,1299,1186,1223,1338
1171,473,472,474,435,511,510,548,434,471,512
1172,616,578,617,579,615,541,618,654,540,577
1173,687,686,3023,725,726,764,724,649,763,727
1174,673,710,635,711,671,634,672,748,712,749
1175,416,415,379,378,377,341,454,417,453,414
1176,1936,1898,1974,1935,1897,1899,1937,2012,1973,1860
1177,69,29,70,72,68,34,67,27,31,104
1178,69,29,70,72,68,34,67,27,31,104
1179,491,490,529,568,492,528,530,453,567,606
1180,822,784,860,823,785,821,2941,861,783,824
1181,339,376,338,263,2935,301,378,337,377,299
1182,20,17,23,18,15,21,24,22,26,19
1183,247,286,284,285,324,248,322,249,209,287
1184,1250,1212,1288,1251,1249,1211,1213,1173,1174,1175
1185,1535,1573,1497,1534,1536,1572,1574,1611,1612,1459
1186,2021,1983,2058,2059,2020,2060,1982,1945,2019,1984
1187,263,302,339,2935,301,225,340,303,378,338
1188,793,831,794,755,830,832,792,870,869,717
1189,947,909,985,948,984,946,986,910,1023,871
1190,643,682,680,642,719,681,605,603,718,2938
1191,1479,1441,1517,1480,1518,1478,1556,1403,1555,1516
1192,1372,1334,1410,1371,1333,2951,1295,1296,1335,1409
1193,1606,1568,1644,1605,1569,1567,1607,1530,1529,1682
1194,1210,1172,1248,1211,2963,1173,1209,1171,1286,1249
1195,1234,1196,1272,1233,1235,1197,1195,1310,1271,1158
1196,2501,2538,2502,2540,2463,2539,2500,2576,2934,2499
1197,1865,1827,1903,1866,1904,1902,1864,1828,1941,1789
1198,1153,1115,1191,1190,1154,1192,1152,1228,1116,1229
1199,757,756,795,758,681,832,794,719,833,796
1200,850,812,888,851,813,849,775,811,889,774
1201,2333,2372,2332,2370,2334,2295,2294,2371,2408,2331
1202,555,556,592,593,632,518,517,594,554,519
1203,1194,1232,1156,1155,1193,1195,1157,1270,1231,1233
1204,1190,1228,1152,1151,1153,1189,1191,1115,1229,1227
1205,333,370,334,372,371,332,295,331,373,335
1206,2729,2730,2767,2692,2691,2728,2690,2693,2768,2766
1207,1169,1131,1206,1207,1208,1170,2932,1168,1093,1130
1208,1075,1113,1037,1114,1074,1112,1076,1152,1151,1150
1209,1162,1124,1200,1161,1123,1163,1125,1238,1085,1199
1210,599,636,600,638,637,561,674,598,601,562
1211,1955,1994,1917,1993,1992,1956,2946,1954,2031,2032
1212,1746,1708,1784,1745,1707,1747,2956,1822,1709,1783
1213,1783,1821,1745,1784,1820,1859,1782,1746,1707,1858
1214,211,212,248,210,250,249,209,173,213,251
1215,377,378,414,375,376,416,415,2935,339,453
1216,175,174,214,213,176,101,2973,212,173,135
1217,1535,1573,1497,1534,1536,1572,1574,1611,1612,1459
1218,186,146,148,2957,111,184,149,147,224,145
1219,1896,1858,1934,1895,1857,1897,1819,1820,1972,1859
1220,443,481,480,444,442,441,3017,482,405,519
1221,69,29,70,72,68,34,67,27,31,104
1222,1197,1235,1159,1236,1198,1196,1234,1121,1272,1274
1223,2690,2691,2689,2728,2727,2729,2651,2652,2692,2767
1224,777,815,816,739,776,778,854,814,701,779
1225,1307,1269,1345,1346,1344,1306,3035,1384,1308,1383
1226,1510,1472,1548,1511,1549,1473,1471,1435,1509,1434
1227,1452,2975,1414,1413,1490,1415,1375,1453,3021,1376
1228,416,415,379,378,377,341,454,417,453,414
1229,554,592,553,591,516,517,555,590,630,515
1230,1789,1751,1827,1826,1828,1790,1788,1713,1752,1864
1231,222,221,223,185,184,260,2957,262,183,220
1232,375,376,412,377,413,337,414,378,452,374
1233,1438,1476,1400,1399,1401,1437,1439,1514,1477,1362
1234,1220,1258,1182,1183,1181,1219,1221,1257,1296,1143
1235,1083,1045,1121,1122,1120,1082,1084,1046,1044,1159
1236,542,2958,541,503,580,504,579,543,540,502
1237,224,148,187,188,2957,151,185,186,189,226
1238,1670,1632,1669,1708,2956,1631,2996,1707,2989,1746
1239,1607,1569,1645,1644,1646,1608,1606,1531,1683,1684
1240,416,415,379,378,377,341,454,417,453,414
1241,2680,2681,2679,2717,2643,2642,2718,2641,2720,2716
1242,1375,1413,1337,1376,1414,1412,1452,2988,1450,1374
1243,2986,915,877,916,878,954,839,914,953,876
1244,655,693,656,692,617,654,694,730,618,731
1245,470,469,433,471,432,508,395,431,472,506
1246,2046,2084,2008,2007,2009,2045,2083,2122,2047,2085
1247,224,148,187,188,2957,151,185,186,189,226
1248,463,502,500,464,462,501,465,538,540,503
1249,890,928,852,889,851,891,853,929,813,927
1250,1593,1631,2944,1630,2989,1632,1592,1555,1668,1554
1251,375,376,412,377,413,337,414,378,452,374
1252,1015,977,1053,1054,1052,1014,1016,1091,976,1092
1253,1118,1080,1156,1117,1081,1119,1079,1155,1042,1157
1254,2978,384,345,346,382,347,383,420,344,385
1255,970,1008,932,931,969,971,933,1046,895,1007
1256,310,347,348,346,309,272,311,386,307,273
1257,1798,1836,1760,1761,1799,1797,1759,1722,1837,1874
1258,1220,1258,1182,1183,1181,1219,1221,1257,1296,1143
1259,1295,1333,1257,1294,1334,1296,1372,1332,1256,1371
1260,577,615,614,576,578,539,652,616,575,654
1261,1681,1719,1643,1682,1720,1680,1718,1605,1758,1757
1262,1585,1547,1623,1586,1622,1624,1548,1584,1509,1661
1263,1896,1858,1934,1895,1857,1897,1819,1820,1972,1859
1264,416,415,379,378,377,341,454,417,453,414
1265,947,909,985,948,984,946,986,910,1023,871
1266,2604,2567,2566,2605,2642,2565,2603,2643,2606,2602
1267,2333,2372,2332,2370,2334,2295,2294,2371,2408,2331
1268,1783,1821,1745,1784,1820,1859,1782,1746,1707,1858
1269,1713,1675,1751,1752,1750,1712,1714,1676,1637,1789
1270,1911,1949,1873,1912,1948,1910,1950,1986,1987,1872
1271,1746,1708,1784,1745,1707,1747,2956,1822,1709,1783
1272,349,387,3032,348,350,386,388,313,424,311
1273,643,682,680,642,719,681,605,603,718,2938
1274,1298,1336,1260,1299,1259,1297,1261,1335,2988,1374
1275,1454,1416,1492,1455,1417,1453,1415,1379,1493,1530
1276,555,556,592,593,632,518,517,594,554,519
1277,66,26,29,68,28,23,27,25,32,62
1278,1624,1662,1586,1623,1625,1585,1587,1661,1700,1549
1279,947,909,985,948,984,946,986,910,1023,871
1280,969,1007,931,970,968,1008,1006,930,1046,1044
1281,1955,1994,1917,1993,1992,1956,2946,1954,2031,2032
1282,851,813,889,850,890,888,852,814,928,926
1283,718,680,717,681,756,679,641,643,755,794
1284,1692,1730,1654,1691,1653,1655,1693,1768,1729,1615
1285,1537,1499,1575,1574,1538,1576,1536,1461,1613,1498
1286,1936,1898,1974,1935,1897,1899,1937,2012,1973,1860
1287,1323,1361,1285,1324,1322,1362,1399,1360,1400,1247
1288,1227,2992,1189,1226,1266,1228,1265,1151,1188,1190
1289,1300,1338,1262,1263,1299,1301,2988,1261,1376,1339
1290,1154,1192,1116,1117,1155,1153,1115,1079,1191,1193
1291,135,134,174,2973,133,97,173,170,175,176
1292,403,440,442,441,404,478,479,365,402,405
1293,509,546,510,508,547,471,507,584,548,545
1294,2048,2010,2011,2124,2086,3027,2049,2047,2087,1973
1295,416,415,379,378,377,341,454,417,453,414
1296,407,3017,483,406,408,445,369,446,444,371
1297,339,376,338,263,2935,301,378,337,377,299
